n_tokens,n_chars,n_lines
183,631,14
180,648,14
171,624,14
180,669,14
195,674,14
168,604,14
174,648,14
173,639,14
186,647,14
177,641,14
171,629,14
171,636,14
170,613,14
172,653,14
174,637,14
174,645,14
174,634,14
171,613,14
253,903,21
189,647,14
172,630,14
166,628,14
181,646,14
166,635,14
186,633,14
169,625,14
186,638,16
156,602,13
172,607,16
173,628,15
183,624,16
171,623,16
168,620,14
171,623,15
156,616,13
159,605,14
174,654,12
182,620,13
172,637,11
167,629,11
165,622,10
151,657,11
160,652,10
162,611,10
154,601,9
163,651,11
154,611,9
152,608,10
152,614,10
248,991,15
158,614,14
163,613,14
174,613,16
170,618,15
164,615,15
170,638,15
176,639,14
163,615,14
165,617,14
169,664,16
176,620,15
175,629,15
158,608,15
173,609,16
181,623,15
172,625,15
168,640,15
161,606,15
176,604,15
187,860,16
150,608,9
170,642,10
181,610,13
171,634,10
178,622,10
179,646,11
169,627,12
181,624,12
162,604,10
163,603,11
175,621,12
173,615,11
179,635,14
156,604,9
165,634,14
171,630,16
379,1342,29
366,1304,20
138,606,13
174,627,17
165,623,15
158,625,14
164,641,14
161,611,15
162,612,15
167,602,15
169,619,13
177,626,15
166,606,16
171,640,13
170,606,13
164,627,13
172,629,13
168,605,16
172,636,15
169,604,16
173,650,16
176,604,14
177,633,14
270,972,17
209,760,18
272,1021,23
190,664,14
173,639,12
199,655,13
189,637,12
282,998,21
171,621,11
170,607,10
166,623,10
192,714,16
165,629,15
183,633,15
176,624,14
192,637,14
181,649,14
177,601,14
161,606,15
189,639,15
175,620,13
164,625,14
178,637,14
167,613,15
183,652,15
172,639,15
173,635,12
185,602,12
176,629,11
176,609,10
197,661,13
186,623,12
198,660,10
181,642,10
218,787,18
150,647,14
159,631,10
163,630,10
146,611,9
170,660,10
426,1538,32
182,664,11
203,653,10
182,612,11
189,636,10
307,1054,16
182,652,13
158,633,12
179,642,14
163,609,13
179,621,15
157,609,14
170,631,14
183,636,15
176,626,13
170,645,13
165,633,13
428,1655,40
256,908,20
156,621,15
172,627,14
175,646,14
178,642,15
162,601,13
180,637,16
162,607,13
162,632,14
151,609,10
156,603,15
322,1141,27
197,743,17
158,613,13
166,623,13
173,641,14
165,613,14
169,601,13
176,631,13
170,612,16
167,604,12
184,646,15
199,642,16
176,627,15
165,612,15
174,643,16
164,607,14
367,1282,28
165,614,15
161,602,14
174,623,14
223,799,21
163,623,15
159,647,16
175,633,14
170,631,15
170,613,14
183,621,14
187,627,15
169,625,13
168,630,13
167,626,15
167,619,14
180,618,14
170,626,14
177,607,15
184,643,14
535,1765,43
141,696,13
176,645,13
163,609,14
174,635,14
179,645,15
177,630,16
175,648,14
169,603,14
169,618,15
169,626,14
181,614,15
178,631,14
177,649,15
166,627,14
191,639,15
173,629,14
171,618,14
163,603,14
179,624,14
163,609,15
178,601,14
182,636,14
179,632,12
196,655,14
183,630,15
182,634,14
179,644,16
189,639,13
187,603,14
168,616,13
175,627,14
182,609,15
172,611,15
177,612,15
188,630,15
183,623,14
168,617,13
188,614,15
158,650,15
165,634,12
141,611,10
156,607,11
202,983,18
202,760,25
164,617,14
176,628,13
162,615,13
165,614,14
170,618,13
166,625,14
185,612,13
169,622,14
171,637,14
164,610,14
170,619,13
171,606,12
225,893,19
200,731,15
348,1317,29
418,1395,30
175,700,19
182,864,18
182,639,13
185,658,14
152,609,13
185,631,14
171,611,14
175,638,14
169,602,14
156,602,13
162,620,13
173,609,16
163,628,13
175,612,12
179,657,12
190,659,10
170,601,9
176,656,12
169,619,15
159,614,14
168,642,14
174,609,16
158,608,13
173,611,13
177,624,14
177,640,14
375,1301,29
148,624,17
316,1056,23
177,686,15
157,607,13
178,645,14
180,664,14
178,642,13
164,612,15
183,634,14
162,623,13
169,629,14
170,652,14
153,602,13
158,618,13
175,644,14
191,740,16
184,654,16
179,629,12
178,626,11
188,614,13
185,637,15
194,611,15
186,602,13
188,665,11
175,647,11
166,628,13
167,627,13
181,662,13
169,605,15
195,634,18
164,608,14
158,609,13
163,652,13
167,627,12
179,636,13
170,632,13
181,625,13
166,620,13
174,627,13
159,627,13
154,606,13
155,602,13
154,606,13
153,611,13
159,742,14
164,617,13
158,614,13
188,646,13
164,626,13
177,634,14
173,648,13
171,623,15
152,608,13
171,623,14
168,617,13
175,643,14
189,622,13
187,619,16
164,620,12
172,621,15
160,636,14
169,604,13
170,629,14
169,645,14
168,620,14
172,628,13
241,942,20
155,654,12
165,634,12
166,609,13
158,608,13
489,1689,40
151,605,14
357,1224,24
516,1758,27
253,978,20
164,641,17
169,611,12
187,640,15
173,612,11
173,624,12
168,608,13
174,607,14
173,629,12
184,643,14
184,601,14
161,602,11
176,611,9
175,604,12
191,820,17
158,612,13
169,626,13
171,622,13
154,606,13
151,603,13
167,643,14
159,615,14
194,688,16
168,647,14
167,627,13
164,609,12
181,610,14
171,613,15
155,602,14
166,616,13
182,630,13
181,631,13
167,610,12
166,619,14
174,631,11
170,603,12
192,627,13
179,617,11
178,646,14
165,653,13
161,623,13
171,613,13
175,622,13
167,614,13
169,637,16
134,654,13
157,602,18
187,770,16
162,621,14
178,617,11
161,631,14
175,612,13
178,628,15
215,803,18
409,1442,27
168,627,14
175,636,13
170,620,14
176,647,15
163,603,14
293,945,18
213,741,15
275,1023,23
150,610,14
186,630,15
177,642,14
168,606,13
169,611,14
166,636,15
167,618,14
161,633,13
157,612,12
182,607,11
193,664,13
207,707,16
176,693,14
274,1032,21
152,617,17
180,621,11
194,632,13
185,613,13
170,634,13
167,622,13
173,624,11
165,611,11
303,1097,19
306,1112,24
304,1073,20
289,1060,20
139,700,16
165,657,11
172,606,13
185,657,13
171,629,16
172,621,14
181,605,12
283,992,17
276,888,16
152,624,13
159,638,10
158,637,10
174,645,10
178,625,11
288,1090,23
348,1318,21
377,1308,27
167,636,12
175,622,13
186,603,13
195,634,12
423,1574,27
467,1604,35
215,767,18
177,603,14
181,650,14
164,624,13
175,629,14
255,943,16
154,622,16
173,610,12
175,637,11
171,628,10
175,635,11
187,647,14
165,613,13
182,632,13
173,627,14
180,638,14
168,605,14
176,610,12
201,666,15
156,655,13
181,661,12
186,640,11
171,617,11
175,622,12
193,841,17
301,1048,20
163,650,13
207,755,12
162,621,10
165,651,10
201,647,13
208,737,14
174,610,15
185,611,13
164,610,12
187,665,12
202,648,16
241,904,17
170,618,12
176,630,15
179,606,15
175,614,14
145,638,13
202,789,16
201,764,18
169,622,14
180,613,15
173,631,14
168,610,13
185,604,14
170,635,11
177,649,12
187,642,11
190,652,14
214,663,14
180,621,10
236,811,15
253,877,16
191,830,20
331,1091,20
190,645,12
169,617,15
177,652,14
172,624,11
179,667,15
166,639,11
172,650,11
245,1086,20
181,668,13
158,603,13
173,615,15
170,610,14
173,614,13
185,627,11
184,637,12
175,636,11
173,607,11
189,669,12
174,643,11
344,1237,22
308,1024,21
217,773,14
150,635,13
170,641,10
176,630,11
190,649,14
178,608,10
388,1361,27
453,1601,37
209,820,18
195,669,13
172,625,11
190,620,11
182,620,11
186,650,13
188,653,13
193,651,15
177,636,10
196,649,13
167,617,11
177,646,15
162,608,15
171,609,15
173,640,14
246,985,20
285,999,24
174,630,16
284,1056,27
178,721,13
404,1443,30
203,757,18
293,1138,21
279,1008,24
194,760,14
194,678,15
151,612,15
159,625,13
164,603,13
180,652,15
140,619,15
230,811,18
168,659,13
236,913,14
145,608,16
223,855,16
161,628,12
152,609,13
175,646,16
449,1593,37
298,1114,24
175,616,14
229,899,18
177,646,15
186,636,13
164,627,13
175,642,13
176,624,15
168,612,13
185,644,15
177,614,14
189,634,15
184,654,15
188,641,15
170,606,15
184,616,15
180,677,18
453,1770,34
187,638,17
185,612,9
171,652,11
190,625,13
197,628,12
209,744,15
128,660,12
167,602,14
158,635,13
176,646,15
168,602,13
183,638,14
162,601,14
169,623,14
176,647,13
176,625,13
172,638,13
168,628,13
164,634,14
164,614,14
180,624,14
154,622,14
156,604,12
308,1192,27
154,642,13
159,615,13
204,657,15
164,628,14
164,619,14
169,643,14
166,647,14
156,611,12
184,651,14
175,628,14
170,641,14
164,619,14
179,640,15
177,630,14
174,633,13
165,627,14
165,606,13
211,794,18
172,666,16
427,1499,32
259,970,21
204,683,13
359,1271,26
304,1083,25
144,614,15
169,623,13
158,611,13
164,650,15
169,614,13
166,631,14
171,624,14
154,608,11
173,602,16
168,631,13
181,652,10
169,633,14
169,626,14
172,641,14
155,623,13
167,602,15
150,603,13
161,615,13
170,609,13
172,604,13
170,638,14
161,611,13
164,641,14
166,624,15
166,613,13
153,625,14
166,604,13
150,612,12
162,631,14
165,615,13
162,616,13
173,654,14
182,635,13
181,628,14
161,611,14
174,631,13
171,611,14
180,624,13
184,647,13
162,632,11
162,629,10
155,633,11
179,614,12
186,604,10
197,745,13
310,1129,25
426,1562,29
204,730,19
201,644,13
183,604,15
186,631,12
184,614,14
494,1739,38
154,617,12
169,612,14
171,603,13
179,630,15
192,617,13
190,611,14
167,609,14
171,636,14
174,646,13
163,618,12
152,622,12
159,618,13
163,636,14
336,1248,25
463,1767,36
191,712,13
323,1190,18
143,633,15
148,608,14
158,601,13
166,627,14
170,634,14
163,642,14
161,602,14
155,613,14
169,638,13
170,617,14
172,620,13
159,617,12
161,626,14
172,642,14
166,644,13
173,635,14
165,602,13
178,619,14
164,607,13
164,605,11
184,620,15
177,614,12
182,635,14
169,601,12
186,643,13
173,662,13
223,927,20
168,638,13
166,621,13
158,648,14
168,638,14
158,605,13
171,618,16
156,630,13
176,622,13
163,608,13
154,652,13
160,611,14
164,616,12
163,640,16
153,626,15
167,621,13
160,605,13
172,616,13
185,636,13
156,607,14
168,639,14
157,618,14
169,620,13
167,601,13
161,620,13
169,635,13
167,630,13
162,606,13
170,650,14
157,610,13
321,1204,25
427,1479,27
156,619,14
202,681,12
205,728,15
216,684,13
199,708,16
163,627,12
182,616,11
180,621,15
173,620,12
176,630,13
156,601,11
170,616,14
182,617,14
183,655,13
183,641,12
485,1797,37
188,698,14
164,615,16
181,651,13
192,627,13
181,635,13
192,656,13
165,618,11
173,608,12
174,603,12
201,921,18
399,1441,31
167,704,27
320,1222,27
182,638,22
171,636,13
159,615,12
166,614,13
160,619,13
174,605,13
163,619,13
163,622,13
167,665,14
151,608,11
175,633,12
161,614,13
254,1018,20
204,829,17
142,621,14
163,626,13
157,602,12
202,765,15
162,640,13
418,1558,32
154,608,13
167,603,13
166,614,13
172,646,14
172,623,13
168,614,13
159,606,13
161,620,13
225,862,19
168,643,14
148,602,14
164,632,13
169,618,13
170,627,13
174,620,12
170,623,13
170,634,13
180,651,13
171,608,13
179,642,13
241,926,19
224,1016,20
146,614,12
158,618,13
159,629,13
155,634,14
291,1148,22
162,607,13
173,648,14
171,613,13
178,644,14
185,653,13
176,619,11
173,621,12
190,633,13
180,617,13
182,622,13
154,609,13
180,640,14
296,1060,23
147,620,13
166,612,13
186,652,14
166,644,13
162,609,12
173,647,14
168,607,12
183,639,14
180,607,14
187,655,14
153,610,12
170,636,13
193,619,13
199,737,14
172,637,14
183,628,13
172,633,13
169,601,13
154,604,12
160,611,12
193,644,14
182,610,13
164,611,12
166,604,13
168,618,14
171,613,14
176,617,14
168,634,12
182,634,13
168,617,13
158,631,13
165,636,15
165,625,13
163,615,13
176,632,14
148,616,12
166,654,14
170,614,13
157,610,12
170,625,13
155,615,12
173,602,13
163,621,13
160,604,13
177,647,13
160,621,13
161,629,13
158,601,13
165,611,13
169,634,13
169,618,14
447,1767,37
307,1204,24
154,751,14
161,607,12
173,606,13
166,618,13
162,621,11
159,618,12
153,603,13
170,621,13
165,628,14
149,605,12
161,620,13
155,604,12
164,608,13
172,624,13
162,621,12
198,782,15
159,629,13
171,633,13
174,625,13
172,621,12
173,645,13
159,642,12
157,633,14
170,649,13
154,614,13
164,616,13
172,625,13
154,611,14
166,609,14
163,616,13
144,610,13
260,991,21
183,682,15
165,611,13
159,641,14
163,611,14
180,635,14
179,639,15
165,625,14
164,631,14
176,636,13
314,1135,25
235,1039,21
164,615,13
175,636,13
171,647,14
166,640,14
163,626,14
164,641,14
182,638,13
171,609,12
172,617,13
164,625,13
159,607,12
164,609,13
157,629,13
156,606,13
168,640,13
159,617,12
157,614,13
168,625,13
153,634,12
167,636,13
160,611,13
151,607,13
165,634,14
161,626,13
155,609,13
172,646,14
169,691,14
157,602,13
204,792,16
159,611,13
169,635,13
170,627,14
169,642,14
152,623,13
217,881,17
144,612,13
149,625,13
149,611,13
164,627,14
192,779,17
224,1088,22
193,722,29
219,863,17
158,647,16
167,645,15
157,618,14
159,623,14
153,610,15
147,609,12
162,605,13
157,619,14
162,646,16
157,611,13
165,629,12
161,613,14
177,650,15
163,610,14
162,601,13
152,643,14
202,765,18
165,642,14
183,622,11
185,613,15
181,608,15
178,603,13
167,630,15
176,608,14
378,1440,26
160,619,13
180,640,14
169,610,13
166,635,14
165,634,14
179,638,14
160,601,15
165,611,13
178,614,12
182,658,13
179,617,15
178,646,12
172,602,15
182,658,15
173,616,14
158,604,11
175,668,10
161,602,11
158,609,13
170,603,12
171,630,13
174,620,15
166,637,13
158,627,13
183,617,16
173,611,13
163,622,12
153,620,13
168,629,13
168,637,13
181,643,14
174,611,13
168,622,12
181,644,13
153,606,12
177,611,14
159,601,13
185,628,14
161,602,14
177,622,14
170,644,13
175,630,13
161,627,12
176,652,14
175,631,14
163,626,13
160,641,13
212,766,17
162,636,14
163,634,13
178,635,13
245,1073,21
192,665,15
325,1247,24
203,816,13
174,625,12
183,628,14
172,641,12
296,1070,22
155,614,13
153,625,12
171,636,16
170,605,13
159,602,13
173,627,15
173,644,15
169,641,14
167,624,15
196,646,17
303,1072,24
173,646,12
333,1174,24
214,847,19
428,1510,36
158,627,14
169,644,12
176,649,13
174,619,14
154,603,14
164,603,14
165,657,13
169,663,10
172,634,13
323,1139,20
439,1660,30
361,1302,22
159,652,14
175,634,13
163,613,13
181,617,14
161,603,12
161,609,13
179,618,13
166,612,14
168,612,13
157,639,16
167,662,13
159,620,10
184,634,13
167,607,13
325,1060,24
475,1758,41
234,846,19
303,1099,26
183,660,14
139,666,14
174,631,12
158,602,13
184,636,15
177,639,12
172,650,14
152,626,12
191,708,16
361,1330,30
199,763,17
229,863,18
166,628,12
156,605,9
157,637,10
195,750,16
178,652,12
172,625,10
176,617,12
174,634,13
198,755,16
362,1299,28
159,655,15
154,637,13
189,629,16
181,634,16
177,610,13
177,622,14
173,621,15
162,642,14
175,635,14
165,622,16
167,607,13
209,774,17
157,644,14
167,640,14
165,616,14
162,624,13
170,627,14
174,633,16
181,617,14
186,621,14
219,918,20
153,602,30
209,866,20
144,628,20
170,648,14
183,623,14
191,646,15
180,637,15
181,655,15
170,618,14
171,608,12
175,626,13
165,620,15
173,622,16
167,640,15
174,680,17
160,603,13
161,645,14
163,612,15
169,626,15
179,622,15
157,645,15
378,1422,30
203,799,17
180,634,13
175,612,13
170,653,13
171,646,14
235,1016,21
182,667,14
164,609,13
176,611,13
177,602,14
172,632,13
177,680,13
445,1580,34
370,1342,29
148,614,13
173,613,14
178,616,16
169,603,12
174,610,15
254,859,17
359,1293,30
442,1633,38
225,980,20
404,1562,31
418,1527,32
158,610,13
174,632,14
171,626,15
153,607,12
298,996,22
383,1366,30
172,603,15
172,610,14
178,624,13
192,638,16
182,653,13
179,603,15
181,656,13
173,602,13
182,638,13
164,662,14
173,613,15
177,638,15
168,612,15
172,617,14
178,620,15
180,647,16
205,800,18
150,705,14
188,629,15
178,626,13
187,646,15
172,627,13
194,658,14
192,651,14
173,603,13
167,626,12
174,635,13
176,628,12
179,601,13
420,1478,27
192,674,14
362,1276,29
202,787,19
168,628,14
180,643,13
156,602,15
177,635,14
175,602,15
174,636,16
188,640,17
173,622,15
178,653,16
166,622,13
170,634,14
178,637,15
186,632,15
167,602,14
178,630,14
175,615,14
181,644,14
180,603,15
169,617,13
181,634,14
191,614,19
183,611,16
244,1065,21
181,619,15
179,640,16
178,625,15
170,606,15
189,626,16
181,618,14
172,628,15
172,606,14
221,834,19
285,1078,27
185,625,14
156,611,12
182,611,14
184,625,13
162,607,13
184,621,16
167,623,15
187,640,15
169,625,13
177,618,15
178,626,16
185,636,16
188,621,14
186,618,14
170,624,14
181,659,15
163,609,14
174,641,14
167,620,16
167,606,14
167,601,14
173,607,15
166,606,13
174,629,14
185,642,14
161,601,13
183,636,16
172,614,14
173,626,15
156,622,14
176,619,15
297,1141,24
229,781,18
333,1237,25
215,785,16
146,685,14
157,606,27
177,634,11
160,617,13
169,644,14
169,628,13
165,629,12
276,1065,21
138,603,12
292,1080,26
169,636,16
181,638,13
162,614,12
162,620,12
173,630,14
164,634,12
146,604,12
175,601,12
160,624,11
166,629,13
195,694,14
374,1278,23
268,984,18
153,612,14
383,1463,27
234,1094,20
150,614,12
172,643,15
170,639,13
162,634,13
392,1350,27
416,1560,32
138,613,13
168,637,13
163,621,13
174,642,14
245,923,20
158,632,14
186,634,13
159,619,13
181,610,12
189,612,11
210,663,15
186,632,13
173,606,12
204,643,13
189,616,12
191,618,13
366,1312,27
486,1798,38
169,640,16
170,628,14
182,645,14
184,629,14
170,658,15
170,603,14
166,613,13
165,642,13
170,635,14
188,776,14
319,1171,24
161,620,14
458,1742,35
169,634,13
301,1066,21
178,631,14
185,652,13
170,609,10
171,619,12
180,602,14
178,635,11
194,662,12
197,711,12
173,645,12
172,630,13
170,612,13
177,607,13
162,610,15
501,1731,35
156,625,13
166,633,14
161,624,13
166,606,12
163,603,13
161,632,16
178,612,13
197,653,11
180,610,9
393,1496,30
168,626,14
160,654,13
180,612,15
174,628,14
177,607,13
210,636,11
197,639,14
156,608,13
167,792,15
172,620,14
164,609,13
182,641,13
180,644,14
184,648,14
169,626,13
158,614,12
179,628,13
179,611,12
169,622,13
165,638,13
170,616,13
170,642,13
175,604,13
178,612,13
178,635,13
180,608,12
183,630,14
181,642,13
167,626,13
173,627,13
402,1525,31
167,693,13
159,625,14
160,627,13
178,652,11
172,614,13
149,610,13
250,998,19
299,1070,22
232,1075,21
162,614,12
163,610,13
168,605,12
249,821,17
161,615,13
185,614,14
177,607,13
171,606,13
171,645,14
163,601,13
177,659,14
153,613,13
166,646,14
175,630,11
157,609,13
174,636,12
186,633,14
165,631,13
167,611,11
191,648,12
283,977,20
384,1380,28
157,627,15
171,645,14
168,617,13
178,629,15
168,604,12
188,636,13
159,612,13
161,616,10
172,626,12
169,619,10
165,618,12
165,643,14
182,624,14
182,625,12
153,631,13
180,631,14
158,609,14
166,623,14
136,664,13
215,790,16
388,1401,30
182,651,14
172,607,12
183,636,14
174,642,14
164,608,12
165,644,13
192,649,11
196,697,11
144,611,13
164,639,14
161,618,13
172,631,14
184,649,15
140,602,12
172,644,14
162,645,13
173,612,13
195,632,13
200,652,13
186,761,27
169,602,20
171,623,14
176,633,13
179,647,14
161,630,14
157,607,13
161,626,13
168,614,13
246,853,18
165,683,13
166,679,13
163,614,12
172,637,13
156,601,13
194,638,17
177,631,12
155,604,13
162,604,13
169,625,13
171,645,13
171,645,14
165,635,12
164,633,14
294,1130,22
362,1319,29
164,637,15
399,1492,31
166,614,13
171,621,13
181,624,15
248,941,20
162,752,15
171,614,12
342,1100,24
163,607,12
151,608,13
167,621,13
185,611,14
178,610,13
246,836,17
254,848,17
169,639,18
174,613,13
186,606,13
176,635,14
161,622,13
166,627,14
165,640,14
200,741,16
475,1724,36
191,716,16
157,641,17
149,615,13
160,624,13
176,630,13
160,615,13
163,603,13
164,601,12
181,630,13
223,789,17
185,612,14
165,608,14
173,601,13
161,610,13
187,630,13
185,617,13
202,611,16
178,643,14
176,605,12
170,604,13
167,617,13
174,624,13
166,621,14
175,629,13
432,1526,35
522,1774,38
503,1749,38
177,636,17
174,660,15
171,646,14
167,628,13
163,605,13
164,614,13
175,636,14
189,612,14
182,631,14
166,630,12
176,619,13
169,603,13
156,618,13
175,618,13
168,619,16
179,624,13
177,637,13
166,618,13
173,650,13
179,636,15
191,643,14
175,620,13
180,617,14
403,1460,31
174,645,15
166,642,14
172,635,13
155,611,13
168,615,13
240,918,21
217,811,18
162,623,14
173,615,10
160,628,14
173,637,12
157,615,13
266,933,19
452,1661,29
182,822,16
285,1102,23
179,709,15
153,602,14
191,635,15
186,626,12
175,611,11
173,627,12
222,803,17
183,657,16
180,627,11
178,602,13
179,653,13
177,624,10
172,633,10
392,1282,30
173,662,15
180,638,12
185,619,11
188,610,14
178,612,10
495,1678,32
160,611,14
186,646,15
171,615,13
177,648,14
178,641,13
386,1468,30
464,1652,39
228,829,19
169,638,16
160,601,12
182,641,14
173,648,14
174,639,13
176,641,13
172,644,13
182,609,15
186,639,14
171,624,15
175,643,14
153,604,15
184,645,14
170,617,13
200,707,16
184,675,15
140,664,14
174,605,15
186,623,13
188,632,15
181,642,12
165,616,12
194,612,15
175,604,14
171,618,13
194,612,15
166,607,12
222,698,13
168,607,14
162,613,13
171,634,15
178,637,13
190,630,13
197,632,16
182,602,13
173,618,13
173,604,13
256,934,20
163,622,13
172,613,13
171,629,13
181,613,12
190,648,13
185,637,14
186,607,14
392,1420,30
270,956,24
275,932,20
147,646,11
163,614,13
169,649,14
179,606,14
163,612,14
174,622,13
207,622,14
183,623,14
177,609,14
183,624,16
160,629,14
167,647,14
179,642,14
172,629,13
163,625,13
153,626,13
175,641,13
204,756,16
287,842,20
422,1463,29
144,718,13
181,756,15
200,701,20
159,623,17
153,603,13
168,633,13
187,700,14
200,742,16
169,658,16
396,1420,29
364,1401,29
250,932,22
424,1677,34
165,632,14
225,828,17
142,647,14
167,605,13
161,606,12
247,918,20
222,791,17
270,967,21
209,797,19
141,631,13
156,630,13
158,603,13
456,1649,38
381,1402,30
283,1044,22
139,604,14
315,1201,24
392,1436,32
155,726,15
269,1033,21
175,650,15
141,623,15
175,692,15
151,646,14
157,611,14
166,623,12
179,622,13
357,1341,29
150,624,13
170,641,13
160,618,14
177,639,13
162,612,14
175,605,13
173,603,15
173,657,13
169,637,15
156,617,13
154,637,14
168,643,14
166,644,14
172,650,14
173,649,15
150,604,15
166,607,14
162,618,13
170,639,14
174,634,14
155,623,13
160,621,15
169,613,13
170,604,13
153,627,14
156,638,13
165,632,13
154,615,13
174,627,13
170,623,13
172,622,14
174,636,13
172,636,14
175,648,13
162,604,13
160,625,14
144,604,13
187,690,15
298,1120,24
279,1059,22
145,621,16
183,645,16
156,611,14
244,877,19
262,1006,21
168,622,15
153,602,15
157,623,13
170,624,13
158,627,13
166,632,15
172,627,13
180,613,13
178,626,13
170,624,13
168,623,14
236,875,18
198,765,18
145,724,13
282,1055,22
148,614,12
174,655,14
168,626,14
165,620,14
164,614,14
170,628,14
158,633,14
153,642,14
158,629,13
168,683,15
155,629,14
314,1208,25
158,639,13
157,624,13
173,617,13
160,641,14
192,693,14
167,633,17
153,606,12
160,609,13
155,611,13
154,627,12
146,624,13
166,606,14
177,659,14
161,616,14
152,635,14
167,630,14
168,609,13
160,608,12
158,611,13
361,1458,31
278,1003,22
167,710,14
348,1268,26
165,622,14
215,812,15
151,607,16
316,1096,25
162,616,12
165,638,13
169,612,14
361,1405,31
163,660,15
168,658,14
156,603,14
165,617,14
163,626,13
177,640,14
176,642,15
176,611,12
168,614,13
168,618,14
176,625,14
160,641,13
162,647,13
148,603,13
149,605,13
234,899,21
224,1043,20
168,608,14
164,636,14
160,642,15
179,611,14
172,621,12
172,606,12
160,645,14
170,629,14
165,637,14
180,621,14
417,1575,33
303,1087,24
154,640,16
169,649,13
189,658,14
163,601,12
159,604,13
163,626,13
434,1512,34
154,635,14
157,614,12
175,646,14
164,602,12
157,627,13
164,641,13
167,613,13
160,607,14
152,639,15
156,610,14
163,616,14
180,648,14
170,625,14
165,613,14
176,650,14
175,612,13
168,629,14
171,631,14
162,627,14
158,613,14
162,645,13
180,630,15
174,604,15
172,636,12
175,643,13
155,604,13
168,620,14
160,632,14
143,643,13
168,613,13
172,638,13
172,617,13
174,619,13
157,610,13
256,968,22
252,974,21
167,626,16
175,646,13
163,635,13
166,645,14
167,605,13
171,633,12
169,616,14
165,606,15
163,617,13
165,614,14
175,633,13
157,619,12
162,620,12
173,624,14
159,614,12
173,656,14
173,645,14
185,638,16
169,621,14
164,631,15
155,605,14
156,643,14
169,624,13
336,1324,31
230,840,18
153,630,14
172,627,14
164,623,14
153,601,13
170,640,15
173,601,14
161,610,13
166,654,13
162,629,13
159,622,12
177,623,15
172,614,13
166,619,14
172,641,15
160,619,13
151,637,13
175,643,12
165,635,13
162,626,13
395,1533,33
157,627,13
156,606,13
159,621,14
151,603,12
147,626,13
168,640,15
172,630,13
161,639,14
173,645,13
170,610,13
153,604,14
160,614,14
170,622,13
212,995,21
369,1302,37
279,1123,23
215,835,21
196,778,17
416,1572,30
383,1371,29
146,608,15
161,613,12
177,638,14
171,647,14
156,603,13
297,1094,25
166,619,14
168,639,15
179,634,13
165,641,13
149,644,13
161,623,14
181,634,12
158,613,13
328,1291,26
276,1052,22
454,1667,37
291,1115,27
428,1495,32
161,652,15
163,625,13
157,627,13
164,612,14
177,620,12
167,629,12
177,637,13
151,643,13
154,606,13
173,647,13
174,639,13
170,646,15
163,660,14
165,623,14
167,628,14
173,643,14
155,633,13
146,602,12
174,623,14
172,646,14
162,631,14
164,612,13
176,654,13
167,625,13
172,643,14
155,619,13
171,644,13
163,618,13
156,606,13
164,646,14
162,617,13
163,635,13
164,604,13
181,641,14
172,609,12
167,615,12
157,633,14
166,649,13
165,788,15
157,631,12
163,627,13
156,622,12
173,628,13
170,615,13
169,627,14
151,622,13
300,1065,25
326,1211,25
145,602,14
157,611,12
165,631,13
169,610,13
160,601,12
154,623,13
154,642,14
145,626,13
165,644,14
165,644,14
157,631,13
150,608,12
160,648,14
246,987,20
158,613,16
175,634,14
161,617,14
157,614,12
167,611,13
166,625,13
170,604,12
166,630,12
160,630,13
164,638,13
372,1400,28
172,656,15
162,645,14
144,604,12
162,646,13
159,618,13
171,663,14
150,617,12
161,616,13
155,602,13
200,926,18
307,1224,24
163,606,14
163,618,13
167,618,13
169,620,13
159,602,13
155,618,13
166,629,14
181,679,15
181,722,14
159,606,12
154,607,12
164,619,13
239,946,20
155,614,14
166,633,13
158,629,14
158,625,13
188,641,14
169,629,13
419,1554,34
167,646,14
176,640,13
158,627,13
161,635,15
159,613,12
169,655,13
160,638,13
170,638,12
168,615,13
159,621,11
171,631,13
163,639,14
173,632,14
164,618,13
151,617,13
164,630,13
158,616,12
166,631,13
176,644,15
152,610,13
179,648,12
173,650,13
159,612,13
159,624,13
151,611,13
158,602,13
162,620,12
211,947,18
159,606,14
153,638,13
163,623,13
162,632,13
156,608,12
178,639,14
162,630,14
158,625,14
160,631,13
158,633,12
170,623,13
173,643,13
152,603,12
174,643,13
168,612,14
154,603,12
168,604,14
156,615,13
161,649,13
172,663,15
152,630,13
161,612,13
150,616,13
164,637,14
168,602,13
153,626,13
167,631,13
237,897,19
209,761,15
157,610,14
165,628,13
157,607,13
165,633,13
171,623,12
152,625,13
141,605,13
173,645,13
185,637,14
177,626,14
159,630,14
168,620,14
162,617,13
174,640,13
156,628,13
160,635,13
153,621,13
160,604,13
169,621,13
157,606,13
241,921,19
204,958,20
212,814,20
154,623,16
170,645,13
164,604,13
159,606,13
155,615,14
160,627,14
169,613,14
168,602,11
344,1250,28
178,632,12
181,660,13
154,628,12
155,612,13
161,620,14
165,603,12
183,638,14
185,644,14
172,622,13
167,639,14
163,618,14
175,629,13
182,636,15
161,601,14
184,617,12
184,638,14
181,634,15
161,641,14
162,630,14
162,603,13
179,628,15
175,626,12
287,982,20
159,602,14
169,625,11
182,645,15
181,640,15
424,1548,34
291,1026,23
307,1061,23
155,626,14
169,642,13
168,647,13
184,638,12
178,689,14
188,673,16
170,631,14
172,642,13
149,603,13
169,655,13
176,658,12
161,644,11
171,664,13
176,664,12
164,643,13
160,642,13
172,628,14
163,652,13
172,650,13
182,640,14
258,958,21
156,623,13
172,644,15
166,611,12
163,601,13
174,659,14
172,653,14
317,1169,25
151,611,15
156,625,13
161,617,13
167,603,14
155,642,13
180,611,15
144,642,12
177,613,14
198,661,13
175,613,12
178,633,13
168,618,11
177,614,12
187,622,14
183,645,14
153,641,13
160,603,13
172,637,13
166,616,13
162,613,14
161,605,11
174,618,15
174,611,14
167,608,14
140,664,13
185,637,14
155,610,13
157,617,13
154,622,13
162,614,14
153,601,12
168,644,15
167,630,14
164,638,14
189,634,16
173,611,13
164,609,13
173,621,15
162,613,13
401,1505,31
161,637,15
151,638,13
173,613,13
176,639,14
174,634,13
176,618,14
158,608,13
190,643,14
171,639,14
180,637,14
161,603,13
190,623,13
421,1493,34
324,1228,27
145,605,13
174,629,13
155,621,13
170,636,13
176,621,13
174,655,15
160,603,13
169,626,13
161,601,13
178,628,14
157,615,13
165,641,14
166,611,13
153,613,13
170,611,14
177,601,15
151,608,12
173,622,13
160,633,13
165,632,14
170,608,14
358,1382,30
190,676,16
209,843,19
177,677,17
390,1380,27
157,780,16
352,1346,26
159,622,14
162,602,13
165,667,12
164,610,10
186,660,11
173,649,14
176,658,11
156,633,11
164,642,13
157,648,14
157,615,13
176,641,14
171,631,14
156,612,13
175,649,13
267,985,19
264,1010,21
152,608,14
178,667,12
178,611,12
172,607,12
158,643,13
160,611,13
179,648,13
163,652,11
170,618,12
165,665,15
154,666,10
168,639,16
165,638,14
149,618,11
159,605,10
160,622,10
159,633,11
166,661,10
163,653,10
152,607,12
170,636,13
163,619,14
182,657,12
173,635,12
162,617,12
174,621,13
187,652,15
173,607,13
155,637,13
172,625,13
237,908,19
195,804,16
160,668,14
308,1171,26
264,944,20
135,689,13
175,630,15
173,609,13
164,605,11
152,603,9
165,606,9
172,653,11
174,637,10
160,604,12
143,612,12
161,622,14
153,613,13
165,636,14
165,636,15
161,625,15
157,641,11
154,645,13
172,627,14
159,638,14
160,632,14
166,631,13
159,622,13
177,635,15
148,604,13
149,635,14
159,617,13
158,605,12
162,630,14
159,618,13
208,797,17
255,1012,23
189,724,16
152,619,13
165,646,15
167,624,14
173,624,13
157,669,13
297,1183,25
456,1700,38
337,1248,25
147,617,14
172,649,13
166,644,14
169,621,12
165,609,11
150,609,14
168,601,13
170,616,13
170,637,14
165,617,13
167,606,13
166,615,13
193,638,15
171,783,16
218,871,22
174,634,11
175,632,10
187,652,13
180,608,13
178,610,14
269,970,20
177,642,12
435,1600,34
195,708,16
196,820,21
192,729,16
169,615,13
164,602,11
161,615,10
180,620,10
296,1134,22
171,611,14
154,628,12
166,645,12
180,645,12
168,605,14
162,604,15
183,650,14
171,619,12
165,666,11
170,649,11
181,645,11
175,663,14
165,610,12
187,656,10
197,610,11
168,609,11
184,639,13
170,633,13
187,636,15
193,627,14
184,604,14
166,618,13
192,646,16
156,617,13
151,612,13
169,625,13
194,880,18
168,650,10
187,661,12
168,605,13
176,626,13
169,620,11
185,624,15
174,640,12
177,631,11
185,626,14
197,635,17
192,641,14
163,626,13
169,644,15
156,621,14
162,623,13
162,630,15
165,638,13
162,608,14
154,629,14
185,614,14
183,634,14
180,637,15
165,616,13
169,641,14
174,627,14
188,639,14
171,605,14
176,633,15
154,616,13
191,641,15
207,911,18
167,625,12
186,656,14
204,669,12
194,662,12
191,687,15
177,661,12
190,627,12
196,632,13
461,1629,30
181,647,14
176,616,14
151,611,10
169,648,11
169,614,11
173,625,12
182,645,14
178,653,11
183,627,12
187,657,12
179,636,13
171,619,12
175,630,11
163,627,14
167,621,12
178,630,11
178,653,13
168,658,13
180,614,13
186,629,11
176,608,12
189,636,12
235,873,18
160,612,12
165,620,14
170,619,13
179,634,13
167,631,15
168,641,14
285,1074,23
233,1057,22
268,940,16
332,1276,19
144,617,11
175,623,12
165,605,12
181,667,11
172,663,12
184,649,12
181,644,12
178,643,13
178,646,12
172,659,12
185,666,17
287,1048,22
154,615,13
177,612,9
160,618,9
157,613,15
162,659,12
168,660,10
169,646,12
180,658,15
165,626,10
163,607,12
170,633,12
184,641,10
185,654,13
172,610,11
186,643,13
166,611,11
180,651,11
158,603,9
168,603,9
164,608,12
340,1176,23
172,625,11
135,603,12
173,601,12
168,635,12
195,669,14
193,623,13
167,604,14
198,728,14
164,622,10
176,633,10
176,604,11
171,623,10
177,625,12
169,632,11
163,732,14
390,1457,27
488,1782,31
283,1088,19
163,646,14
157,601,13
160,609,13
186,637,14
168,636,11
159,613,11
172,612,12
178,669,12
183,607,12
168,606,13
180,645,11
186,663,12
166,631,11
178,651,11
173,613,11
169,655,11
158,617,11
176,640,13
177,654,12
176,644,11
178,602,11
173,602,11
159,631,12
250,1084,21
174,611,20
371,1681,38
200,891,20
144,620,14
178,657,12
156,616,11
135,625,17
168,623,14
167,641,13
169,619,14
158,626,16
200,666,13
180,658,13
164,624,11
425,1534,30
275,988,18
163,644,14
172,655,13
158,638,13
161,605,12
247,911,18
141,608,12
163,625,13
164,632,14
170,646,14
160,612,13
162,635,13
324,1254,27
169,638,14
269,999,16
230,1048,19
171,608,13
159,608,11
181,611,9
169,619,15
169,620,14
169,621,14
178,634,14
162,638,14
183,611,13
163,608,13
163,647,13
159,651,14
170,609,13
154,634,14
153,612,13
183,641,13
170,604,11
179,642,12
246,1056,22
233,996,25
171,605,14
140,604,13
258,927,19
155,628,14
166,641,13
162,629,13
155,648,14
173,637,13
173,621,15
194,650,14
181,644,15
171,606,13
180,633,14
185,623,13
190,636,15
163,605,13
171,639,14
163,614,13
162,602,13
166,620,13
169,655,13
173,616,14
174,636,14
175,614,13
177,636,12
185,834,19
163,636,14
164,617,12
163,610,12
174,611,12
170,608,13
478,1746,37
497,1782,42
160,622,15
428,1591,32
191,738,14
175,613,13
356,1250,24
152,620,11
181,658,12
179,636,10
164,615,11
172,645,11
228,995,19
180,658,13
155,615,13
171,616,13
157,607,13
170,613,13
190,874,20
416,1531,32
222,834,18
215,862,18
295,1066,23
154,609,14
160,612,12
173,636,13
165,633,14
190,648,14
169,641,14
167,637,14
186,654,14
165,651,14
164,626,13
180,640,15
168,637,14
169,626,13
179,633,14
177,649,14
172,638,13
175,614,14
157,602,12
266,1085,24
133,647,12
170,607,10
177,640,12
181,665,11
194,610,13
191,626,12
356,1289,23
139,619,16
172,625,13
165,632,13
158,624,13
181,652,13
176,642,13
153,608,13
172,655,15
167,631,14
168,602,12
151,603,13
177,637,14
174,605,13
163,623,14
164,631,14
163,607,14
170,637,14
170,631,13
239,900,20
188,884,18
225,803,25
417,1527,32
377,1237,24
186,657,14
183,649,12
193,646,13
187,627,12
174,641,12
178,649,12
165,662,12
180,630,16
177,623,13
183,610,13
161,609,13
182,638,12
314,1076,20
236,811,14
169,662,14
343,1206,24
195,725,13
314,1129,19
184,707,18
179,640,13
161,623,13
161,628,14
180,651,14
316,1202,21
307,1094,20
162,611,14
482,1652,37
312,1009,18
166,660,15
170,644,13
188,611,12
164,614,15
177,625,13
170,602,13
176,630,12
162,606,13
206,743,16
174,632,14
179,605,12
184,665,13
188,606,12
187,627,11
190,633,14
183,605,14
191,635,12
153,632,11
189,648,13
166,611,12
191,619,13
189,644,13
447,1524,30
203,713,14
193,651,15
201,630,15
213,629,14
204,645,17
212,766,15
129,650,12
163,614,10
158,616,11
189,635,11
169,622,10
173,644,11
180,626,13
178,619,12
418,1454,32
270,934,17
171,658,16
173,626,11
178,643,14
170,645,14
168,628,12
177,608,14
174,604,13
285,1044,24
170,634,16
198,653,14
185,646,13
202,643,15
168,642,12
163,627,12
190,617,12
169,616,12
201,609,12
177,641,12
173,615,11
172,605,12
176,602,13
185,629,12
158,601,11
283,937,18
214,756,15
175,656,14
177,652,11
174,621,11
178,617,13
160,620,11
164,620,10
182,642,15
171,610,13
181,624,12
191,626,11
188,611,12
418,1486,33
266,990,20
317,1108,24
195,642,13
184,615,12
214,644,13
168,608,12
199,632,12
206,668,17
184,631,14
170,633,10
172,619,10
175,643,11
182,649,12
169,619,12
165,626,11
168,620,11
162,608,14
160,606,10
160,613,12
188,645,13
275,1011,22
188,653,12
171,611,11
166,642,11
167,622,11
167,612,13
189,661,11
164,619,11
162,607,14
445,1545,28
160,636,17
174,653,11
190,660,13
176,628,11
401,1443,28
202,736,16
494,1670,35
165,658,12
190,649,12
167,617,11
171,645,11
181,632,12
423,1471,29
187,618,15
436,1546,30
183,627,12
179,616,10
188,641,12
170,607,11
187,601,14
228,653,15
233,739,14
451,1522,30
153,616,14
172,612,15
173,613,12
185,658,12
172,624,11
206,650,14
174,601,11
198,649,15
166,633,11
187,644,18
189,634,13
180,605,12
184,658,13
175,653,13
168,607,12
163,603,13
184,616,13
159,641,12
182,665,14
186,633,12
191,601,13
178,622,13
197,651,13
186,622,14
454,1510,32
182,643,14
164,624,11
167,604,12
184,626,14
181,628,13
179,829,17
163,640,26
171,623,14
179,653,14
157,606,14
173,608,12
168,623,14
174,631,13
177,640,14
182,638,14
165,626,15
186,648,14
171,630,13
189,644,13
181,633,13
172,633,13
173,623,14
164,615,14
169,631,13
288,1137,23
333,1207,27
176,661,15
321,1177,30
246,878,19
130,601,16
149,602,12
179,638,13
182,634,12
168,656,14
153,615,12
174,636,15
167,631,13
162,630,13
173,629,15
172,625,13
171,632,14
163,601,13
163,620,13
166,611,13
164,643,14
190,648,14
171,637,15
167,608,14
169,609,13
168,641,13
163,648,14
170,622,15
169,655,13
145,603,9
168,644,13
176,618,13
163,649,12
171,644,14
169,626,13
156,607,12
159,618,12
172,639,14
167,611,13
166,620,14
190,699,16
159,623,14
179,651,14
171,639,14
171,619,11
168,614,12
335,1210,21
152,610,12
169,634,15
163,614,13
165,611,13
152,618,13
155,607,15
150,615,14
483,1768,39
168,646,16
160,607,10
160,645,14
159,606,14
152,602,13
187,650,15
159,602,14
165,639,12
167,612,15
161,609,13
174,616,14
174,642,13
168,651,14
181,648,14
171,649,14
156,612,14
167,638,13
178,640,13
163,641,14
154,604,13
144,601,13
147,612,13
168,601,13
165,634,14
183,623,14
163,635,13
181,608,12
179,639,12
186,622,11
151,604,10
154,637,12
178,603,9
176,622,10
165,616,11
278,1002,18
172,810,16
218,814,18
248,971,23
167,632,13
162,621,13
161,633,13
174,639,14
166,650,13
155,628,15
159,601,13
162,610,13
174,655,14
163,637,15
166,632,14
169,613,13
168,625,13
171,638,14
161,615,12
215,824,19
337,1265,27
158,629,13
247,923,20
153,614,13
168,630,13
187,647,14
181,632,13
174,665,15
407,1521,33
258,1003,20
160,602,17
427,1601,36
170,658,14
176,621,10
172,637,13
169,604,11
168,615,12
172,611,9
182,625,11
170,610,11
185,638,12
188,662,13
178,619,12
445,1624,25
159,618,15
166,615,14
176,605,14
172,626,13
141,690,12
170,644,13
168,619,13
180,633,14
162,606,14
166,603,14
173,603,13
181,649,14
176,618,13
179,626,14
166,603,13
166,611,14
475,1685,30
165,668,12
160,619,14
170,650,10
161,612,10
165,622,11
160,603,10
173,640,10
166,603,11
169,658,10
172,641,10
161,633,14
166,633,14
163,629,14
154,616,13
180,636,14
171,654,13
162,636,12
161,626,14
166,631,14
155,607,12
150,606,13
162,605,13
163,611,13
168,625,14
177,618,14
140,662,14
214,740,21
152,604,14
162,619,13
174,614,12
189,657,14
164,601,12
159,628,13
173,624,16
183,624,15
174,632,14
172,644,14
157,601,13
162,607,13
186,649,15
159,602,14
189,646,14
180,608,11
167,612,11
196,654,13
180,646,14
172,611,13
182,632,15
162,603,12
167,645,13
164,627,13
171,634,15
152,609,13
181,643,15
186,628,15
193,624,16
169,618,15
168,625,13
179,647,15
168,612,12
178,651,14
168,614,13
172,603,15
184,624,17
170,601,15
174,627,13
180,645,15
178,650,14
229,883,19
166,791,15
218,820,18
209,840,18
427,1673,32
423,1494,26
171,640,17
169,628,14
181,645,14
166,636,14
446,1710,39
254,937,18
157,605,13
185,673,14
299,1056,18
143,603,12
168,659,11
173,652,12
170,614,12
159,604,9
164,610,12
174,653,13
170,608,11
153,604,12
274,994,22
306,1173,28
187,714,13
345,1287,23
245,897,15
201,767,21
199,781,17
372,1398,31
180,642,12
220,950,22
145,647,15
170,646,11
146,613,11
158,608,9
171,628,13
171,654,11
150,655,13
166,609,9
193,661,12
184,666,12
174,603,11
174,610,11
178,635,11
176,627,11
191,646,14
191,645,12
199,622,12
172,621,11
172,643,14
195,661,12
155,624,13
153,605,10
144,603,9
156,615,11
161,633,10
152,630,11
156,631,11
150,612,9
294,1191,21
157,603,14
173,630,15
168,630,15
179,646,15
177,630,16
165,614,14
167,625,15
163,607,15
166,621,13
177,628,13
164,612,12
170,604,12
213,956,19
170,613,13
166,629,13
179,634,14
170,601,14
172,632,14
175,636,15
170,625,15
177,641,15
181,647,14
177,604,15
166,609,13
161,612,14
220,806,17
163,624,18
467,1656,38
161,608,14
159,621,13
173,634,14
175,642,16
172,616,13
174,608,12
175,627,14
161,602,13
172,615,14
176,625,13
180,637,15
184,616,14
185,643,15
174,605,14
167,620,15
186,655,16
155,604,15
190,636,15
164,604,11
162,609,10
177,647,12
169,604,11
187,644,14
184,658,14
171,604,11
165,608,12
187,639,13
189,647,12
185,616,12
186,644,12
183,634,10
195,654,13
189,627,13
169,606,10
158,613,12
176,646,14
172,643,14
208,924,18
157,609,14
180,642,16
171,646,14
181,655,15
181,634,15
234,840,18
167,637,15
164,616,13
167,611,14
172,601,13
163,623,14
163,617,14
174,642,13
175,623,14
168,616,14
172,608,14
176,684,14
379,1382,27
492,1799,35
158,614,11
169,633,13
170,637,12
160,612,15
164,629,13
166,611,14
168,640,16
281,1068,24
163,634,15
160,735,18
299,1201,25
296,1005,24
439,1639,37
163,637,22
155,611,17
176,633,14
151,610,12
213,819,19
325,1173,27
172,634,15
216,832,17
285,1158,28
476,1697,39
272,969,22
264,1009,24
429,1582,37
156,627,15
185,652,15
181,632,12
183,634,12
230,859,15
173,610,13
163,628,13
177,613,15
177,601,16
171,634,16
160,612,13
180,616,16
279,1058,24
164,628,15
164,638,14
162,618,14
175,633,15
166,604,14
158,619,14
168,619,14
162,605,15
173,639,14
167,647,14
170,635,14
256,1029,24
202,780,16
169,619,13
180,607,14
180,616,13
161,608,13
165,614,14
316,1130,25
321,1217,26
345,1269,30
248,924,21
305,1082,27
261,1042,23
473,1483,39
154,615,14
156,641,14
174,609,13
166,650,13
450,1691,39
184,651,16
173,633,13
156,605,14
171,638,14
177,647,16
171,632,14
176,618,13
178,646,14
182,652,16
486,1699,38
153,614,14
162,651,14
219,832,20
156,612,14
176,634,13
163,607,14
162,616,12
155,631,14
162,606,14
158,643,14
169,615,15
162,628,14
176,609,13
153,629,13
166,603,13
166,615,13
146,626,13
175,647,14
172,613,16
162,601,13
334,1190,31
298,1053,23
157,611,14
165,618,15
168,616,15
185,650,14
211,749,17
163,605,17
251,947,21
310,1102,27
284,1026,17
328,1203,19
162,692,13
152,610,15
164,615,14
174,614,12
169,613,14
201,721,14
184,654,20
161,616,12
166,606,13
161,608,13
163,608,15
240,858,21
150,630,14
172,627,15
166,609,13
168,620,15
362,1363,28
303,1178,26
156,601,14
168,620,15
257,1009,24
330,1275,28
204,799,16
188,738,12
160,612,14
166,625,14
164,627,15
170,648,16
148,617,13
159,602,14
156,607,15
163,608,14
170,646,14
176,638,16
158,605,14
153,642,13
171,624,15
163,634,12
452,1407,37
167,608,15
314,1209,28
162,620,16
170,607,13
174,644,14
267,962,25
248,931,29
239,915,22
199,777,20
192,712,14
174,624,14
163,623,13
148,614,13
176,632,13
170,609,13
166,617,13
159,602,13
172,624,14
162,626,13
163,616,13
155,627,13
156,607,13
165,610,12
177,614,13
197,647,14
171,626,14
391,1346,32
159,623,11
197,642,13
181,608,15
386,1378,24
188,608,14
233,803,18
346,1309,24
152,626,12
168,640,12
183,614,15
171,625,14
172,608,12
178,627,13
172,665,14
177,629,14
182,630,13
183,610,13
167,609,12
169,608,12
162,636,13
189,646,14
175,630,13
377,1321,27
158,622,11
177,651,13
162,649,13
174,638,13
174,628,11
159,646,12
175,630,13
187,629,16
178,634,13
183,635,13
170,644,13
173,636,14
145,605,12
178,635,15
152,607,11
167,616,12
159,604,12
165,610,12
182,646,13
169,643,14
171,612,12
174,645,14
164,627,12
179,629,14
177,628,14
176,634,11
173,611,12
157,627,13
177,636,15
160,617,10
160,636,10
166,665,10
165,605,9
172,601,11
185,611,11
208,639,13
458,1559,26
269,1075,22
156,602,12
174,647,13
175,631,13
164,613,13
161,630,14
163,603,14
166,607,13
168,613,13
160,609,11
162,623,12
170,620,13
167,626,13
164,610,13
157,624,12
175,604,13
168,617,13
185,649,16
179,618,15
181,618,13
170,629,12
180,638,13
155,612,14
172,626,16
193,636,15
174,646,13
460,1696,33
291,1151,23
327,1118,17
172,666,14
161,635,11
164,636,10
194,658,11
147,602,10
194,656,13
200,660,14
269,938,17
171,604,11
167,608,13
192,622,12
170,616,12
203,621,11
177,638,12
182,633,11
203,643,12
160,618,13
173,618,15
182,655,14
167,633,13
185,655,10
177,604,9
172,656,14
171,616,11
158,613,13
161,617,12
175,613,12
222,942,19
176,634,13
194,627,14
174,634,12
175,638,14
176,633,13
157,632,10
182,633,14
191,649,12
170,603,12
193,656,12
182,625,12
188,606,14
185,647,13
189,658,12
166,612,10
152,741,14
174,606,13
163,621,12
163,612,13
168,603,13
178,624,15
167,616,11
166,609,16
152,623,13
168,629,15
154,636,14
162,608,14
175,637,13
175,650,14
280,1084,22
159,619,14
176,655,14
162,639,13
158,641,13
163,635,14
151,603,13
150,738,14
178,614,10
155,651,10
185,636,13
172,612,16
180,664,12
149,613,11
185,663,13
195,661,14
165,619,10
184,620,14
191,623,14
178,652,13
434,1630,33
181,652,15
175,634,11
186,620,14
170,606,10
199,653,15
176,638,12
176,632,12
168,612,13
167,614,13
159,612,13
153,604,12
168,621,13
178,626,13
164,623,13
169,655,14
170,627,13
172,610,12
172,610,13
164,617,13
171,637,13
153,613,13
168,765,19
495,1769,39
180,618,20
188,644,15
186,617,13
185,617,15
399,1485,36
172,608,15
178,640,14
175,636,15
166,608,12
168,631,15
174,634,13
186,652,15
153,625,13
160,617,13
198,775,17
146,613,13
196,654,16
173,628,14
186,607,15
174,649,17
160,641,14
181,625,13
168,644,12
180,618,13
262,946,21
249,978,20
205,785,17
151,626,14
269,938,22
251,903,22
139,678,12
166,604,12
178,618,15
180,632,14
196,624,15
170,622,13
153,631,13
285,965,23
222,873,18
208,815,17
167,636,13
156,601,11
176,611,13
170,619,15
174,610,15
182,641,14
175,613,14
179,607,13
187,656,12
171,602,11
178,608,13
190,648,14
174,608,14
204,657,12
176,602,14
168,613,13
191,635,15
183,659,14
168,630,14
176,619,14
173,608,13
174,623,16
173,628,14
183,637,15
264,971,25
277,979,22
165,645,15
172,615,14
184,633,14
185,658,14
431,1543,37
156,629,15
170,613,14
167,632,14
402,1503,33
159,612,14
160,623,16
183,655,12
186,617,12
177,621,14
203,628,15
182,644,15
234,1051,22
162,631,13
169,624,14
170,618,12
179,617,14
166,611,12
188,641,16
174,651,14
208,824,18
157,672,12
422,1649,33
180,619,15
176,639,12
171,604,13
312,1101,22
339,1188,23
302,1214,22
171,633,18
198,630,16
168,610,13
184,654,14
190,608,12
162,615,12
174,630,11
165,623,10
178,623,10
174,630,12
168,617,10
223,787,14
153,612,12
186,622,13
165,601,12
336,1328,22
232,947,20
173,623,18
172,637,14
168,625,13
452,1657,34
163,606,16
162,627,13
160,637,15
156,616,12
180,624,14
182,812,16
218,763,17
164,620,15
166,623,13
173,628,14
184,640,14
172,634,13
177,651,14
176,643,13
185,644,14
214,766,18
169,614,14
183,636,14
177,623,14
174,641,15
170,625,12
180,633,12
172,638,13
176,617,14
415,1596,32
157,652,14
159,628,13
183,602,18
193,637,16
271,1028,21
158,634,16
187,642,14
155,622,13
164,617,13
175,633,15
178,647,13
164,638,14
184,614,14
169,605,13
177,624,11
176,662,13
194,657,12
167,611,10
197,644,17
158,623,14
179,639,16
182,633,14
171,613,12
159,627,13
160,621,13
166,629,14
248,931,20
248,869,18
174,634,15
157,762,14
181,661,14
205,643,15
186,640,15
190,703,16
228,882,20
352,1254,25
154,618,13
178,629,14
167,641,14
160,612,14
164,621,13
183,645,15
205,770,16
164,611,11
270,1002,19
174,639,11
164,616,14
177,616,14
170,607,16
183,646,12
261,945,17
352,1329,24
137,604,12
429,1492,31
371,1424,29
170,607,16
157,624,12
167,638,12
170,602,13
165,617,12
172,657,10
164,664,10
159,633,10
156,621,12
154,632,10
172,605,11
175,702,11
330,1138,23
275,1044,22
147,610,13
163,646,12
155,611,13
157,631,13
181,654,13
165,614,15
169,609,13
158,613,13
180,642,14
176,652,15
158,620,13
154,614,13
178,632,17
159,629,13
178,642,14
165,620,14
179,613,15
175,639,14
169,618,15
163,634,14
168,620,12
160,628,12
411,1535,30
143,616,12
130,640,13
375,1410,30
177,682,25
173,639,13
165,615,13
168,628,13
184,620,15
181,685,15
256,881,18
169,602,14
278,1023,22
159,643,13
158,601,13
170,605,13
153,620,13
157,605,13
172,608,13
164,629,13
237,916,20
166,606,14
161,619,14
156,603,14
165,622,14
163,626,14
167,612,14
175,636,14
171,616,14
245,943,19
151,608,14
440,1536,38
434,1561,32
234,897,22
172,641,16
173,638,15
161,619,14
169,604,14
155,610,15
150,603,12
421,1563,34
166,608,14
177,653,15
174,617,13
173,629,15
164,629,14
182,633,15
171,603,13
186,627,17
156,624,13
170,637,14
252,956,23
380,1463,34
158,618,15
173,626,14
161,628,14
169,601,13
177,817,15
430,1542,31
194,762,19
153,625,14
185,633,14
169,626,13
169,628,13
179,625,15
165,614,13
181,648,14
162,608,14
180,633,13
171,610,13
159,614,13
165,641,12
158,621,14
152,601,14
173,636,14
162,610,12
173,641,15
160,622,10
165,612,9
163,631,10
145,625,13
271,1074,22
156,630,15
151,620,13
166,629,15
167,628,16
162,619,13
166,621,14
159,607,13
162,634,14
160,615,13
169,629,13
326,1242,28
376,1390,32
158,605,14
168,604,13
174,617,14
167,636,14
162,624,14
149,627,12
166,620,15
180,646,15
176,816,14
365,1372,29
278,975,23
188,769,14
197,734,15
169,649,18
164,635,14
164,622,13
161,605,13
177,644,14
245,919,21
381,1489,31
351,1275,27
142,631,15
167,617,14
174,620,14
161,619,14
169,610,13
161,601,13
168,644,14
160,642,13
175,647,14
174,639,15
170,639,14
164,605,13
159,617,13
172,622,15
158,647,14
165,639,14
161,608,13
162,635,15
223,823,19
192,843,18
193,738,15
389,1436,31
219,808,18
469,1721,36
161,602,14
174,641,14
163,636,14
161,624,13
152,637,14
154,625,13
175,640,15
155,602,13
162,601,13
168,642,13
157,621,14
157,611,13
165,607,13
181,639,13
170,644,10
181,664,12
169,604,9
177,614,14
164,611,12
164,604,13
169,607,14
165,638,14
169,642,14
164,606,12
158,622,13
164,610,13
170,625,14
176,623,14
155,604,13
153,605,14
157,629,14
145,602,13
167,612,15
174,604,13
164,618,16
161,619,14
149,611,13
154,628,15
155,626,12
188,632,11
172,624,12
177,799,15
375,1279,38
155,627,14
162,612,14
157,613,13
159,630,13
169,630,13
281,1014,23
277,1134,23
172,699,15
164,623,14
174,637,13
160,612,13
201,724,15
254,950,23
159,638,15
148,608,13
156,612,13
161,631,14
161,611,13
171,681,13
168,632,16
166,616,13
164,617,14
164,616,13
166,622,13
150,613,13
170,601,13
168,613,13
165,639,14
152,609,14
167,634,14
153,636,14
158,622,14
161,623,14
168,629,14
169,619,14
162,643,14
166,638,13
360,1387,30
180,858,17
163,623,13
164,620,14
169,624,14
156,602,13
175,603,13
170,627,14
170,611,12
149,627,14
172,616,14
164,604,12
169,643,12
177,706,14
174,616,14
147,608,14
164,646,14
157,603,13
173,639,14
170,655,13
163,617,13
163,642,15
140,602,13
163,607,14
171,644,13
347,1311,29
168,631,14
159,623,12
172,657,13
156,619,14
153,603,13
152,628,13
165,637,13
151,602,13
164,621,13
163,617,14
166,607,13
176,639,14
171,619,13
167,609,13
185,623,13
167,621,14
171,627,13
169,628,14
175,605,13
242,919,20
157,610,13
161,620,13
159,626,13
174,633,13
156,606,12
174,658,13
170,643,13
166,624,13
159,615,13
169,622,14
174,628,14
172,631,14
201,775,16
157,619,13
181,607,17
175,620,14
152,610,13
169,611,13
163,642,14
166,606,13
202,741,18
151,646,13
168,622,13
179,656,12
165,618,14
161,632,15
151,612,13
160,609,13
168,630,13
160,612,13
155,637,13
177,631,12
175,644,15
170,645,13
165,616,14
163,632,13
160,626,14
164,628,14
171,614,12
175,641,14
168,643,13
169,636,13
165,631,13
167,633,14
175,647,13
175,646,13
154,624,13
163,601,13
216,946,18
173,635,14
164,605,13
162,641,13
163,635,15
177,660,13
168,612,12
162,611,13
165,613,13
171,612,13
152,608,13
177,630,13
155,618,14
167,636,14
162,646,13
174,628,13
161,611,13
146,607,13
171,623,13
167,612,12
177,661,13
296,1138,24
237,965,20
176,643,13
157,610,12
176,644,13
169,630,13
163,625,14
166,622,13
145,640,14
169,637,14
176,633,14
166,630,14
172,614,13
168,605,13
176,636,13
175,618,14
159,636,13
154,605,12
158,627,13
414,1628,34
147,614,13
154,603,12
160,624,13
164,635,14
162,767,14
165,635,13
169,657,13
184,648,13
185,644,13
168,609,13
168,631,15
164,601,13
162,603,12
173,611,13
162,601,12
170,601,12
173,629,13
169,616,12
162,616,13
172,650,13
165,601,13
182,640,13
165,605,13
154,637,14
141,621,13
156,604,12
149,605,13
164,767,16
248,973,27
190,676,14
163,642,15
165,634,14
159,643,13
157,631,12
155,635,13
163,612,16
194,738,14
368,1291,27
180,658,13
180,617,10
174,636,11
186,618,14
184,621,12
180,647,14
168,646,15
181,637,14
175,637,14
174,635,13
284,988,25
147,625,13
174,617,16
171,604,16
160,623,13
157,601,12
163,623,14
154,620,13
160,603,12
167,653,17
243,853,19
183,674,14
161,632,14
203,729,16
184,641,16
149,612,14
165,602,14
157,622,13
162,613,14
154,618,13
179,612,14
172,614,14
331,1197,28
153,652,13
178,608,13
189,628,15
168,624,14
174,618,15
174,622,13
159,610,13
155,603,13
155,605,13
155,608,13
188,741,17
266,967,22
216,912,16
151,614,13
152,611,13
168,622,14
163,610,14
162,622,13
175,607,14
176,608,14
175,655,15
163,601,14
187,653,14
186,649,14
168,630,14
318,1223,28
328,1199,23
146,611,13
164,616,13
163,614,14
165,632,15
188,633,14
165,606,12
165,607,13
170,647,14
166,629,15
171,629,15
178,642,16
161,608,13
158,631,12
161,605,12
170,617,14
182,640,14
168,624,15
171,652,13
166,621,15
161,609,14
177,642,15
165,615,13
154,602,14
172,616,13
170,641,13
151,616,13
170,603,13
162,604,14
178,637,14
172,635,15
143,603,14
169,627,15
179,653,15
469,1567,39
175,614,16
168,610,15
176,625,17
183,638,16
171,630,17
182,644,16
151,635,15
171,636,14
166,636,13
175,631,14
162,615,13
178,641,14
169,619,13
162,602,13
156,604,13
162,605,13
171,624,14
155,615,14
189,637,13
281,1072,24
156,682,17
136,660,12
161,612,14
152,616,14
178,637,15
167,621,13
164,624,13
181,645,13
180,640,14
162,640,14
170,645,13
163,605,14
167,622,13
181,644,14
172,660,15
171,622,17
164,609,13
165,608,13
171,645,14
151,623,13
264,1049,16
181,620,16
162,608,14
174,603,14
172,648,14
169,654,14
167,609,15
179,607,14
170,618,16
181,607,16
438,1607,34
163,621,14
178,641,13
152,612,12
156,608,13
177,625,14
163,636,14
184,647,15
170,653,14
169,656,13
173,645,15
179,658,13
157,618,15
161,629,14
183,655,16
151,638,13
172,627,13
159,615,13
175,639,14
159,622,13
156,604,12
197,718,15
156,631,15
163,616,14
169,628,14
177,607,13
234,1033,22
176,635,15
177,608,15
164,623,14
164,629,13
171,659,14
317,1135,27
423,1542,36
136,609,13
174,669,14
169,624,14
179,621,16
176,624,14
160,613,13
219,793,17
167,617,16
176,617,14
171,601,15
185,610,15
170,640,14
164,616,13
172,645,17
163,605,14
166,642,13
146,616,13
172,613,13
170,611,14
162,620,15
161,619,13
163,627,14
183,637,16
163,638,14
253,923,20
466,1579,40
158,605,15
175,635,13
171,605,13
184,642,14
165,616,14
175,612,15
179,645,14
165,603,14
147,606,14
180,628,16
155,606,15
176,642,15
179,636,14
169,618,15
169,645,13
176,655,15
172,638,15
387,1485,32
216,866,22
150,611,14
166,634,12
162,635,12
167,624,13
164,648,14
172,617,13
162,625,13
160,622,12
176,633,13
173,627,13
183,642,13
149,649,12
177,636,13
177,655,12
170,629,12
177,634,13
156,636,11
163,607,11
178,658,12
156,641,12
228,882,17
229,934,20
152,611,12
154,607,13
169,629,13
171,631,13
303,1191,24
166,658,15
319,1241,24
398,1393,28
144,627,14
164,614,12
165,637,14
222,922,19
221,939,18
170,649,12
167,604,12
165,613,12
264,1025,19
220,979,19
179,735,14
152,608,12
156,629,12
166,616,13
172,652,13
158,611,13
159,613,12
164,646,12
156,606,11
165,611,12
264,1007,19
209,807,16
349,1322,27
151,634,14
161,615,13
156,612,12
158,609,13
164,637,13
152,618,13
162,626,13
271,988,18
149,614,13
468,1781,35
150,612,15
151,647,13
158,617,13
194,757,15
299,1168,22
349,1382,28
145,609,14
156,613,13
155,635,13
148,615,12
166,623,12
167,624,12
158,624,13
158,636,13
159,608,12
154,608,12
152,623,12
163,653,14
177,699,13
192,906,17
156,639,13
158,616,12
160,628,13
174,633,13
166,644,13
160,623,13
170,621,13
172,630,12
148,618,12
155,619,13
152,605,12
165,630,14
149,636,12
163,611,13
162,636,13
157,626,13
176,665,13
156,637,13
160,636,12
175,664,14
172,645,12
159,618,13
171,610,13
170,646,14
176,631,14
176,652,14
165,606,13
147,609,12
176,645,12
167,601,12
170,654,13
174,635,12
170,605,11
187,656,11
170,621,11
174,643,12
171,631,14
162,614,13
176,832,16
172,623,12
168,630,14
165,618,12
182,607,11
171,633,13
167,639,13
169,607,12
173,632,12
166,767,14
158,651,13
163,635,13
167,629,12
161,613,12
151,608,12
168,629,13
391,1519,31
198,770,15
152,638,14
154,609,12
171,617,12
159,622,13
323,1160,24
203,717,15
169,649,14
162,617,14
171,631,14
154,606,13
188,764,16
156,628,14
171,624,13
161,616,13
162,637,13
159,636,13
154,610,13
168,629,13
169,630,13
163,613,12
173,629,12
169,639,12
179,620,12
193,745,14
158,630,13
166,651,13
152,611,13
156,630,13
159,620,13
170,635,13
138,606,13
158,623,13
163,634,13
150,616,13
167,624,13
161,648,13
165,638,13
154,611,13
170,643,13
162,643,12
170,637,13
173,641,13
163,617,13
163,638,13
174,637,13
176,640,14
250,1087,21
137,642,11
172,642,13
171,619,12
179,636,13
160,638,14
167,610,12
177,643,14
164,606,12
165,625,13
171,659,12
157,617,12
159,621,12
342,1308,27
150,617,13
171,609,14
181,645,15
163,602,12
177,648,13
202,757,15
187,720,14
148,608,14
172,633,14
176,647,13
191,725,15
160,601,13
161,606,11
154,627,13
174,653,14
167,638,13
161,617,12
154,635,12
147,603,12
152,612,12
153,629,12
165,602,12
173,637,12
180,614,13
163,611,12
171,622,12
164,634,12
159,634,12
165,612,13
168,640,12
154,647,12
170,646,13
162,623,12
171,632,12
179,703,14
257,1099,25
259,941,19
183,693,17
156,634,17
176,651,13
439,1696,37
278,1034,19
176,723,15
150,631,14
175,640,13
168,635,13
165,630,14
160,603,13
172,620,12
340,1295,26
143,625,13
157,610,12
164,623,13
259,935,19
235,946,19
161,605,13
160,640,14
165,616,13
217,850,17
169,662,12
173,627,11
170,631,11
178,616,12
171,619,11
236,833,13
349,1357,28
170,648,13
182,717,17
152,646,14
161,636,11
168,642,13
165,610,12
163,645,11
148,609,12
186,716,13
173,647,13
175,608,11
178,606,13
174,626,12
164,626,13
186,609,14
156,608,9
155,601,9
235,841,17
259,909,17
170,625,12
173,660,13
152,610,14
290,1120,23
314,1187,25
238,878,16
159,638,15
150,613,12
162,601,11
167,608,10
180,604,13
172,607,13
180,637,14
309,1022,22
182,656,12
187,657,12
190,632,14
367,1249,25
189,635,13
137,607,13
160,626,13
169,628,12
171,639,14
158,617,13
168,658,14
165,602,13
166,601,13
170,613,12
175,617,12
163,622,11
156,608,12
189,845,16
464,1698,33
171,618,14
165,610,13
173,618,12
163,641,14
158,621,13
183,655,14
168,633,13
159,604,12
160,630,13
168,638,13
156,632,13
166,628,13
141,614,13
194,774,16
150,640,12
163,632,13
160,650,13
177,653,13
172,643,13
184,631,12
166,641,13
337,1380,28
152,603,12
176,644,14
164,635,13
166,604,13
177,627,13
165,617,13
164,613,13
170,607,12
159,600,12
163,641,14
162,641,14
177,635,14
166,612,14
167,626,13
171,653,13
169,630,13
165,616,12
160,622,13
163,612,14
169,622,13
170,616,13
177,641,13
170,638,13
172,642,13
167,629,13
166,632,12
169,638,13
168,646,14
154,605,13
157,636,13
169,638,13
169,612,13
157,602,12
158,642,14
164,622,13
151,619,12
169,648,14
166,612,13
149,603,13
165,634,14
178,816,15
180,653,13
173,647,13
171,618,12
165,644,13
167,619,13
180,641,14
166,642,13
204,787,17
151,630,13
156,637,12
176,627,13
191,633,11
181,636,11
177,648,13
157,611,12
169,626,13
147,607,12
176,676,12
160,617,13
163,616,13
169,631,13
171,649,14
176,653,13
162,619,13
145,617,14
176,655,14
172,642,13
160,600,11
156,680,14
163,650,12
158,615,11
190,636,14
174,607,11
192,641,15
176,629,14
155,630,12
171,638,13
185,641,14
166,632,14
176,631,14
156,621,12
170,606,14
160,624,15
168,616,13
174,629,13
247,929,19
238,910,17
172,611,11
168,622,12
158,611,13
174,626,12
162,631,12
310,1137,25
164,647,12
164,640,13
164,635,13
161,623,12
155,610,12
163,605,13
169,640,13
156,603,13
168,621,14
148,607,11
169,606,11
171,618,12
161,610,13
161,613,13
164,651,13
195,752,15
174,641,14
174,658,14
164,633,13
173,648,13
171,607,14
160,606,12
161,610,13
162,643,13
151,605,12
171,645,13
156,631,14
149,646,13
145,602,12
163,613,13
166,613,13
160,641,14
166,639,13
166,615,13
155,631,14
152,616,13
165,644,11
143,605,11
162,657,12
165,640,14
167,629,13
201,930,19
288,966,34
172,613,16
151,622,13
153,603,13
160,620,14
160,634,14
155,606,13
160,620,14
163,628,14
141,636,14
156,615,14
162,637,15
180,635,14
160,634,14
256,1056,22
135,617,12
179,640,14
177,623,13
165,607,13
153,614,14
170,646,13
173,620,13
162,608,12
153,612,13
152,610,12
167,638,14
153,608,13
203,803,19
158,629,14
171,612,15
186,630,14
176,613,12
184,609,15
168,613,13
179,621,13
215,820,16
307,1273,26
188,809,16
190,749,15
134,607,14
448,1763,39
329,1267,27
153,738,15
178,651,14
173,625,13
171,612,13
241,889,18
233,894,19
208,734,16
154,621,12
178,639,14
176,633,13
167,615,13
168,637,14
154,620,13
162,610,12
182,628,13
174,631,13
174,637,14
449,1735,36
169,680,15
153,603,13
161,632,13
165,621,13
191,743,17
150,646,14
166,647,13
156,639,14
164,636,14
154,620,13
154,637,14
157,637,12
158,642,14
153,612,13
160,654,14
159,624,13
167,644,13
168,628,14
164,614,12
169,652,13
158,619,13
157,621,13
160,630,14
155,609,13
166,620,13
158,701,13
137,655,12
168,648,13
158,624,13
161,644,13
151,631,14
165,628,14
157,613,13
149,618,12
160,625,13
168,731,16
397,1494,31
283,1091,23
137,614,13
142,607,12
158,614,13
171,638,14
171,621,13
162,624,12
202,790,16
148,620,13
177,714,14
237,847,18
141,632,13
152,632,14
152,603,13
152,625,13
171,647,14
164,607,13
160,628,13
154,629,13
163,607,13
173,696,14
163,627,13
162,637,14
175,632,14
165,643,15
165,615,13
172,647,14
173,703,14
160,641,14
156,615,13
163,624,13
167,625,14
162,619,14
158,616,13
167,637,13
393,1498,32
155,638,14
159,621,13
159,637,13
168,633,13
162,609,12
151,604,12
153,612,14
174,619,14
158,636,13
166,627,13
156,620,12
263,1045,22
360,1319,31
289,1058,23
146,622,14
347,1336,27
422,1664,36
164,661,15
376,1434,30
250,981,20
436,1654,35
167,700,14
403,1477,32
134,680,13
146,629,14
161,606,12
152,641,12
168,686,13
192,760,17
158,614,14
163,623,13
164,601,11
458,1605,34
175,684,14
306,1070,24
132,620,13
179,635,12
147,604,13
421,1464,31
473,1692,37
148,621,12
170,629,13
167,615,13
169,625,12
184,653,13
186,646,13
172,620,14
163,608,12
248,934,19
319,1135,25
274,1032,22
139,637,13
163,648,13
163,632,13
169,639,13
168,614,13
160,649,14
188,707,15
423,1567,32
150,635,15
177,645,13
166,619,14
166,642,14
169,648,13
169,808,17
363,1338,40
177,707,14
148,619,16
169,655,13
149,607,12
183,654,12
173,626,12
169,613,12
172,649,11
151,612,11
162,605,10
211,637,12
169,647,11
160,607,9
163,619,10
181,653,10
171,661,11
188,624,10
175,629,10
174,662,10
161,613,9
166,605,9
184,666,11
199,626,13
159,635,12
166,621,13
169,641,14
148,603,13
181,621,13
175,647,14
161,643,13
163,640,13
169,645,13
149,618,11
172,617,12
190,656,14
183,611,11
190,649,12
192,698,11
167,609,14
150,607,13
153,609,13
168,641,13
129,639,12
186,637,15
170,611,13
164,638,13
153,634,12
180,634,12
161,623,11
157,608,12
162,618,10
222,791,15
164,653,14
156,604,13
166,634,11
163,605,12
177,645,12
174,633,11
176,653,12
167,644,12
170,619,14
178,653,14
182,683,14
172,653,12
188,653,11
185,645,10
170,617,10
154,605,13
177,619,14
172,619,13
324,1169,24
158,627,13
163,651,10
197,607,11
187,618,12
207,627,13
200,601,14
178,611,15
155,601,11
164,601,13
154,616,12
156,640,14
155,604,11
155,602,13
162,619,13
172,630,13
183,632,14
231,881,17
344,1299,26
298,1162,24
166,717,18
280,1053,23
179,630,16
171,644,14
168,612,13
171,630,14
159,605,13
161,639,12
180,627,13
184,657,10
166,659,11
169,661,10
164,670,10
163,632,10
155,602,9
164,616,10
178,645,11
165,610,11
300,1102,19
356,1198,29
292,1126,24
269,1112,25
168,644,15
169,650,14
157,628,14
163,615,13
409,1604,30
177,641,13
177,634,13
160,608,11
175,624,12
177,617,12
154,611,13
173,631,11
176,616,11
169,638,14
172,639,14
166,629,13
175,657,14
149,610,9
365,1383,23
171,661,13
180,657,10
179,644,10
156,609,12
180,649,13
158,601,12
226,885,18
160,635,14
165,631,14
194,637,13
161,606,13
182,622,13
166,602,13
227,633,12
238,647,15
226,606,14
245,626,13
161,611,14
166,640,13
151,603,13
162,609,13
160,620,14
163,611,11
197,660,11
188,627,11
172,631,10
183,663,11
281,985,18
155,647,12
168,662,10
164,618,10
186,771,17
440,1695,35
230,986,20
444,1780,36
162,647,13
159,604,13
168,652,14
156,602,13
172,608,13
230,932,19
156,609,13
163,631,14
143,609,14
167,605,13
153,631,14
174,630,13
201,649,13
184,616,13
198,665,10
174,630,14
152,608,13
146,618,13
150,605,13
159,638,14
172,636,13
161,610,13
147,609,13
163,631,13
164,617,14
169,631,13
163,626,13
163,618,14
159,640,13
165,667,13
149,606,12
174,634,13
176,623,13
163,627,11
168,638,12
189,638,16
168,664,11
205,631,13
183,655,13
345,1235,22
153,608,13
157,626,13
153,631,14
175,832,16
147,606,12
154,616,13
165,649,13
172,641,13
160,618,13
157,606,13
156,608,13
153,630,13
166,622,14
159,628,14
157,621,14
153,603,14
161,630,13
158,636,14
149,616,12
147,603,13
166,632,13
164,608,13
170,629,13
169,638,14
163,604,13
159,627,13
144,617,13
211,853,18
164,606,14
160,620,14
175,608,15
166,623,14
177,642,15
164,605,14
169,652,14
208,910,17
412,1551,34
169,733,19
202,665,15
444,1679,26
248,950,20
162,646,20
172,651,12
165,635,13
176,614,13
457,1645,34
148,605,11
453,1547,29
164,609,14
168,618,11
186,654,14
180,618,12
175,606,13
275,943,19
186,656,17
204,718,17
193,737,16
216,749,12
166,643,14
163,624,14
156,602,13
175,651,14
155,609,13
159,612,13
183,637,14
374,1433,29
168,657,14
175,648,14
167,643,13
141,609,9
171,622,10
181,648,10
183,631,12
187,610,12
175,603,12
214,810,17
129,658,12
155,605,13
171,635,13
157,624,14
165,607,14
168,602,13
154,610,13
163,617,13
162,620,13
157,608,13
160,618,13
191,758,15
420,1584,33
149,606,12
158,620,13
160,626,12
179,675,15
155,603,13
156,619,12
158,626,13
163,634,14
148,610,14
155,641,13
165,635,13
163,620,13
160,619,14
162,613,13
148,613,13
146,623,12
177,659,10
164,608,9
167,608,9
150,612,11
153,641,13
177,620,13
189,649,10
169,645,10
305,1101,19
301,1159,23
153,711,15
155,652,14
145,604,11
154,636,13
160,639,13
150,614,13
160,612,13
167,626,14
156,606,13
160,677,13
162,620,15
162,617,14
161,614,13
158,625,13
161,658,14
164,620,13
155,620,13
154,649,13
172,637,13
168,652,15
156,638,14
157,617,13
162,644,14
153,632,13
165,646,14
219,890,19
154,635,14
128,634,10
178,608,9
178,620,9
174,633,10
186,657,11
206,649,11
178,607,9
172,626,12
194,625,13
169,633,10
183,609,11
177,618,12
181,639,11
172,606,13
184,628,13
197,668,15
194,612,14
190,616,13
187,630,13
375,1352,23
167,661,13
187,632,12
194,652,11
176,608,10
174,624,13
159,646,15
162,629,14
155,608,13
159,617,13
165,630,14
401,1493,31
224,981,20
298,1077,20
158,602,13
164,653,14
180,618,12
167,616,11
197,660,14
175,669,13
182,621,12
193,644,12
177,659,13
187,625,11
178,643,12
194,642,12
154,615,11
191,652,13
192,650,14
183,633,13
198,644,12
176,645,10
203,658,11
174,603,12
182,650,11
177,609,9
191,655,12
495,1727,33
170,621,11
296,1115,20
157,631,14
156,609,13
162,608,14
162,647,14
169,603,12
149,631,13
182,667,13
183,612,14
174,645,11
197,661,12
165,614,10
158,601,12
198,639,12
160,611,12
170,661,13
170,621,11
169,653,11
178,664,10
159,625,14
170,624,13
171,641,13
196,659,12
189,664,11
150,612,11
156,608,10
164,625,11
163,612,9
172,625,11
165,601,10
309,1011,18
521,1702,30
175,822,15
160,634,12
153,606,13
148,608,14
167,639,13
156,610,14
162,617,13
164,615,13
146,608,13
153,636,15
165,612,9
158,624,12
172,657,12
168,648,11
178,662,10
163,619,10
165,619,10
181,653,14
178,649,13
159,635,11
180,620,11
167,650,13
176,638,11
164,602,11
176,636,13
176,620,11
173,626,10
183,659,10
160,601,9
162,640,12
159,620,13
168,628,13
174,642,13
175,640,13
167,642,13
160,606,12
154,612,12
157,625,13
165,623,13
173,648,13
164,610,13
171,643,14
444,1593,35
304,1173,25
152,631,16
148,601,13
166,630,14
165,659,15
192,641,26
158,614,26
155,624,13
164,634,15
155,623,14
162,625,12
156,621,12
187,655,10
295,1063,18
446,1709,35
194,713,15
219,820,18
279,1019,22
177,640,14
326,1198,26
228,855,17
206,694,14
176,618,10
231,841,20
173,658,15
161,662,14
165,621,15
465,1754,38
191,674,17
320,1154,26
184,669,14
178,631,12
156,615,13
168,629,14
159,628,14
151,621,14
164,629,14
164,635,13
173,637,14
179,641,15
165,612,14
163,619,13
171,641,14
166,635,15
157,617,15
178,641,14
165,647,15
159,605,13
163,626,14
153,630,14
412,1387,35
438,1537,30
156,616,14
170,601,9
171,646,10
162,609,9
183,609,14
175,641,14
166,605,14
177,643,14
170,631,15
165,615,14
155,621,14
164,610,15
177,641,14
164,613,13
231,867,19
131,645,13
154,643,12
180,620,13
164,601,10
164,636,10
187,611,11
182,605,14
194,615,14
183,615,11
190,645,14
548,1754,30
170,641,11
177,612,9
185,643,10
176,607,10
233,921,19
166,627,14
162,647,14
167,613,13
159,605,13
144,604,13
159,603,14
168,624,14
168,639,14
168,605,13
169,641,15
163,625,14
154,603,13
148,610,14
192,655,12
197,639,16
167,611,13
152,632,13
157,641,13
163,648,12
155,610,13
163,636,14
193,649,14
175,614,13
185,645,15
195,649,16
176,639,14
153,616,13
179,647,14
179,636,12
164,630,13
169,622,14
175,623,14
246,1054,22
151,619,10
394,1385,31
267,995,18
200,623,11
161,645,10
181,654,13
163,606,9
184,603,12
176,631,10
172,614,10
160,611,9
186,620,12
166,612,11
180,664,11
192,648,13
183,645,11
516,1792,37
166,610,11
171,610,9
181,661,10
194,663,12
174,629,10
179,640,12
186,612,14
194,641,11
193,663,13
195,630,14
177,630,11
181,631,10
176,664,11
241,853,14
156,619,14
160,635,12
198,616,15
193,639,15
192,642,15
164,618,9
165,608,9
166,616,13
169,604,14
186,621,13
180,604,15
396,1432,30
178,620,15
174,661,10
159,609,9
162,614,9
186,701,16
153,632,11
203,672,14
380,1279,27
179,622,11
170,608,10
170,604,9
199,715,13
166,611,13
170,619,10
173,626,10
159,626,11
214,719,15
334,1104,19
173,601,12
171,621,13
177,630,14
171,633,15
167,603,15
184,628,13
175,637,15
186,649,17
160,606,13
153,607,14
165,646,14
162,610,14
176,633,14
172,625,15
158,642,14
150,613,13
158,635,14
171,633,14
159,613,14
165,632,14
176,612,13
156,628,14
165,631,14
165,635,15
163,636,14
174,649,11
184,669,11
151,616,10
160,617,10
192,603,13
167,614,10
163,609,11
198,644,12
173,631,11
198,663,13
184,637,11
191,642,11
178,657,10
187,640,12
171,665,12
164,629,14
163,619,13
178,609,14
163,620,14
155,607,13
153,642,14
153,609,13
174,665,14
142,667,13
195,707,23
154,646,16
167,628,14
157,632,14
160,650,14
165,617,14
184,631,15
173,620,13
188,644,13
180,635,14
191,609,14
192,605,17
161,601,13
177,621,14
172,639,16
164,611,14
400,1469,27
170,669,12
176,618,11
162,604,10
184,661,12
190,616,13
191,661,14
162,643,10
182,615,11
176,628,12
178,632,14
174,632,14
185,641,14
184,637,15
180,614,14
181,634,16
146,618,13
187,631,15
177,611,13
170,630,15
168,633,14
173,638,16
164,612,14
178,658,12
193,664,14
168,603,9
198,614,14
199,633,15
186,669,12
208,638,13
310,1097,19
453,1546,34
179,657,13
186,624,14
183,654,13
178,601,10
178,618,12
444,1653,36
172,624,13
186,644,15
157,613,13
173,628,13
179,638,15
180,606,16
170,642,14
181,617,16
184,662,15
463,1722,37
158,603,14
146,716,13
328,1261,20
194,921,18
278,1022,24
247,816,15
186,660,18
154,603,13
173,607,15
183,614,17
177,648,15
192,712,16
425,1647,31
167,604,15
214,741,17
219,792,23
283,1064,22
157,614,13
166,614,13
163,627,13
167,614,13
221,779,19
130,636,12
152,603,12
185,611,16
154,615,12
169,608,12
267,956,23
362,1216,25
196,806,17
411,1545,34
204,904,21
160,627,13
186,639,15
188,627,14
165,614,13
176,627,14
165,637,13
170,620,15
170,616,13
174,607,15
169,603,16
168,606,14
176,644,13
166,618,14
164,607,14
167,603,13
207,647,14
251,887,19
346,1220,26
169,644,15
171,618,13
157,609,13
338,1304,29
169,633,15
343,1206,25
348,1219,23
170,648,14
188,657,13
168,623,13
411,1414,33
153,618,13
201,650,13
217,818,19
157,630,13
154,644,13
147,618,13
348,1337,27
238,839,18
197,778,13
180,642,11
200,630,17
204,638,14
488,1792,39
216,780,16
139,615,10
162,616,10
180,633,10
190,660,10
343,1315,28
162,607,14
179,622,10
192,664,13
166,624,11
176,643,14
176,609,15
153,607,13
177,626,13
157,621,13
167,632,14
163,616,15
178,632,16
163,639,14
167,624,13
177,615,14
186,617,14
167,641,14
173,627,14
179,656,13
179,710,14
381,1424,30
224,699,15
165,679,13
439,1560,24
204,687,18
351,1116,24
166,621,13
176,651,12
168,662,11
188,662,14
170,657,10
171,662,10
169,603,11
172,616,11
184,633,12
179,643,12
181,608,14
178,642,15
168,638,12
172,601,11
188,612,12
183,618,15
177,625,16
178,621,14
171,604,13
170,664,15
159,608,13
183,626,15
162,614,13
133,605,13
267,939,20
165,663,14
148,622,15
162,621,14
160,625,13
155,634,14
160,605,14
176,601,14
195,663,15
194,639,17
186,602,13
179,604,16
170,608,14
183,630,13
222,921,19
164,635,14
183,655,14
182,610,15
564,1735,47
187,644,15
163,624,13
177,639,14
172,627,14
169,635,15
178,648,15
172,614,15
174,631,14
170,621,17
175,607,14
174,640,15
175,644,16
168,616,13
160,608,13
158,608,13
186,619,15
156,601,14
162,612,13
187,641,13
178,639,14
176,647,14
171,624,13
164,624,14
158,618,13
164,649,14
160,607,13
184,623,18
159,603,13
204,622,17
214,623,18
175,634,15
168,622,14
194,642,16
180,622,13
180,628,15
173,633,13
178,635,13
169,625,13
168,643,14
168,648,14
172,619,13
188,638,14
162,634,14
162,628,12
155,614,13
164,620,13
169,679,14
180,633,14
163,614,13
171,601,15
167,646,15
146,601,13
167,609,13
176,634,14
171,608,13
164,605,13
171,636,16
368,1307,34
300,1053,26
148,687,13
227,747,26
169,619,15
158,601,13
178,646,15
176,655,12
175,621,15
173,606,15
182,643,16
161,623,13
169,608,14
181,611,16
171,624,14
168,624,13
162,601,13
191,628,18
168,614,15
168,607,15
175,633,16
193,659,16
168,607,15
158,603,13
185,642,17
174,602,14
176,609,13
163,612,14
162,611,13
167,604,13
157,615,14
172,638,13
170,617,14
166,603,13
172,620,14
175,610,14
177,609,15
168,601,13
157,630,12
170,626,14
173,604,13
163,607,14
320,1176,28
162,643,15
206,779,12
179,669,13
185,658,11
167,633,10
234,884,17
197,716,15
415,1461,31
149,647,15
178,780,18
140,618,15
176,769,18
426,1504,30
163,709,14
177,644,14
174,630,13
173,611,12
188,612,14
186,651,13
157,609,12
165,626,13
171,619,15
160,642,13
163,627,12
438,1619,33
203,952,18
172,615,13
172,601,14
173,649,15
167,610,15
175,651,15
164,612,13
161,611,15
158,607,14
155,610,13
178,613,14
183,639,14
174,622,14
187,648,15
176,639,14
161,607,13
173,608,12
184,630,13
180,638,12
213,829,17
218,857,19
165,615,15
177,647,14
184,643,15
183,627,14
171,619,15
190,759,18
172,620,15
155,604,13
166,606,14
176,620,15
165,623,13
166,602,14
272,993,23
168,614,15
171,614,16
181,638,15
177,614,14
170,631,15
185,640,16
171,610,14
189,637,15
187,659,14
359,1423,21
223,834,19
167,613,18
180,637,15
177,609,14
174,610,16
258,912,20
380,1358,27
215,810,15
164,608,14
164,622,10
172,659,11
161,647,12
184,630,15
178,623,16
196,724,17
364,1345,29
161,629,15
163,623,14
161,648,14
166,616,16
168,605,14
161,613,13
169,614,15
183,648,15
174,610,15
187,647,16
170,608,16
183,647,16
167,651,13
188,635,15
169,644,13
172,609,13
170,605,13
164,653,10
181,611,13
162,612,14
167,638,13
170,653,13
154,615,12
159,610,13
180,608,13
161,606,14
176,624,13
172,637,14
509,1777,37
346,1322,25
295,1047,22
148,611,14
175,645,13
167,635,15
171,630,14
179,627,11
179,654,13
170,639,16
225,1014,19
480,1694,35
163,608,15
174,629,17
182,649,14
174,633,15
181,609,15
163,631,14
163,609,17
160,613,14
161,616,15
172,602,16
169,645,16
328,1261,28
321,1091,26
162,615,16
182,641,14
179,616,14
168,608,15
208,782,19
323,1236,25
282,1040,23
172,715,16
252,945,18
180,635,13
164,605,12
174,630,13
178,635,13
175,631,14
159,620,13
195,648,14
187,658,15
190,628,12
194,864,16
174,604,15
165,614,15
166,608,13
167,634,14
165,636,14
160,627,14
177,643,15
164,614,15
168,633,14
171,606,16
178,626,16
173,638,15
178,616,15
176,621,14
214,758,17
230,848,19
175,646,16
162,621,13
170,628,14
155,602,13
172,611,13
350,1423,31
157,664,15
155,645,10
158,601,10
166,614,11
156,604,11
156,634,11
161,616,10
182,659,12
160,620,10
156,615,10
164,646,11
151,624,11
319,1250,21
164,621,15
173,635,14
176,612,15
504,1755,35
309,1101,27
260,981,26
394,1450,36
336,1259,28
419,1562,35
142,610,13
175,642,15
183,638,13
178,657,14
166,633,14
170,616,13
131,643,13
197,774,20
153,622,14
166,614,15
169,620,14
187,633,15
185,649,13
179,605,15
170,629,15
253,990,22
157,644,16
171,643,14
169,602,13
174,630,14
207,821,19
402,1481,31
146,610,15
462,1679,29
155,637,15
181,620,14
162,610,13
164,614,13
179,650,13
166,636,13
168,639,13
169,618,14
155,606,13
153,621,12
164,615,14
165,618,15
185,664,15
173,622,14
166,626,15
282,1073,23
157,648,14
173,658,11
158,613,12
153,615,12
154,612,9
171,647,13
160,611,10
165,628,12
178,651,14
160,602,16
162,603,13
173,647,14
172,608,16
179,633,14
172,608,15
188,644,14
172,642,13
162,611,13
158,631,13
163,623,14
454,1680,37
156,608,15
179,620,15
163,619,14
157,602,16
226,836,19
236,867,22
258,989,25
267,999,24
177,707,16
146,620,14
193,667,12
161,610,11
182,627,10
175,623,11
181,643,13
320,1136,23
145,608,12
157,602,13
171,629,13
161,614,14
163,627,13
174,613,13
167,644,13
181,611,14
392,1447,30
162,660,14
286,1073,24
198,856,19
183,661,14
158,609,11
155,634,11
184,611,13
170,627,14
171,607,14
188,643,16
177,607,14
177,638,16
158,622,15
177,619,14
170,640,14
179,631,14
160,625,13
156,609,12
160,639,14
181,633,15
184,635,14
173,619,16
162,611,14
162,602,14
169,634,16
239,861,21
385,1360,33
164,623,16
176,655,14
180,634,14
177,630,14
171,601,13
155,614,16
166,607,13
154,609,14
157,610,14
174,634,15
167,601,17
161,606,14
163,628,16
169,612,15
172,619,14
186,633,16
170,619,14
170,610,16
168,629,17
163,619,13
162,615,14
178,639,16
164,624,14
165,617,15
167,619,16
174,607,14
259,935,21
159,606,15
158,625,13
160,619,14
164,642,13
173,630,14
163,603,13
165,607,14
167,606,17
177,630,14
183,632,15
175,618,15
175,631,15
280,1030,25
164,629,15
169,648,16
172,629,15
163,611,13
161,604,14
163,609,14
172,645,14
158,621,14
172,648,14
183,617,13
245,933,22
164,655,14
159,632,13
147,630,12
149,614,10
304,1113,23
325,1193,24
152,653,12
173,637,13
164,642,10
437,1668,40
165,627,14
176,643,16
171,610,13
188,626,13
167,626,13
174,632,15
163,616,16
155,636,15
154,679,14
159,668,11
148,640,11
159,609,11
165,628,14
162,633,16
169,607,15
165,614,15
158,621,15
166,614,13
176,650,16
167,609,14
176,622,15
149,624,12
174,611,11
185,644,13
191,667,13
178,601,11
152,618,11
170,653,10
162,643,10
172,639,10
172,658,10
175,654,12
185,643,12
177,653,14
470,1668,36
188,639,17
174,604,15
168,649,14
190,655,14
392,1439,34
222,903,17
200,699,17
231,958,20
153,627,14
162,626,13
156,602,14
188,652,16
170,613,15
172,632,15
166,630,16
363,1398,30
197,790,17
195,708,16
154,605,14
185,658,13
180,734,14
167,617,12
208,713,16
162,634,14
171,633,12
173,619,11
192,642,14
176,625,11
289,1080,22
346,1319,20
147,604,15
162,609,15
172,638,15
174,661,15
169,636,16
173,617,15
165,608,13
176,625,16
198,722,16
168,626,14
165,624,13
180,642,13
158,639,13
167,617,13
156,614,13
167,630,13
157,614,13
181,644,15
158,602,13
177,615,12
169,618,12
158,648,13
158,605,11
164,618,11
155,604,11
150,612,10
180,617,15
154,603,22
187,650,15
150,619,11
173,640,15
180,631,13
180,657,13
160,602,13
186,634,15
166,607,12
171,625,14
177,610,14
182,647,13
171,617,13
181,631,13
177,646,14
192,635,14
181,640,15
177,626,13
167,640,13
314,1086,23
468,1710,38
159,646,14
166,635,15
168,614,14
164,617,13
169,621,14
185,635,16
164,633,14
308,1148,24
158,602,12
230,998,21
230,923,18
170,613,14
164,614,13
173,637,15
171,634,12
167,613,12
166,617,11
167,618,10
169,624,13
172,628,13
459,1613,32
181,636,17
161,619,14
185,611,12
174,609,13
163,601,11
434,1579,28
211,769,21
185,659,13
184,635,12
179,617,13
390,1381,30
413,1451,31
162,612,15
164,609,12
181,662,12
172,647,12
165,619,13
169,618,13
189,691,15
309,1111,24
176,639,14
201,663,13
179,622,12
167,629,14
171,608,13
174,630,12
170,610,13
186,632,15
166,617,12
188,619,14
169,625,13
173,631,14
169,640,15
180,617,13
152,610,14
169,609,13
182,623,12
156,619,9
313,1028,19
177,620,13
188,657,14
187,642,11
163,633,11
168,613,12
188,868,17
185,631,14
177,616,12
186,632,13
180,645,14
163,634,12
175,619,14
181,628,14
181,614,14
174,654,14
170,645,14
174,652,14
166,634,14
165,617,12
165,613,12
181,670,14
168,614,11
176,644,17
172,634,14
176,610,14
172,647,13
190,609,13
172,615,13
172,626,13
173,638,13
185,633,13
252,1085,22
184,627,15
155,618,12
173,637,12
161,605,12
175,626,13
165,606,14
164,616,13
167,609,14
179,638,17
178,607,14
171,610,14
171,603,13
167,609,14
180,616,14
180,636,14
172,643,16
168,614,14
170,617,14
165,616,15
251,1073,22
235,1098,29
329,1221,20
174,633,12
167,614,13
168,642,14
198,770,16
365,1502,33
158,620,13
169,609,9
183,647,11
183,650,11
172,616,11
167,626,12
414,1555,31
230,929,18
207,705,16
224,810,18
185,648,14
181,603,11
188,657,17
169,617,12
174,662,11
173,657,11
157,607,9
169,606,12
213,841,14
141,621,15
181,655,11
180,657,12
191,605,14
183,672,14
178,657,13
177,641,14
172,648,14
185,649,15
169,634,14
173,649,14
175,628,14
159,612,13
292,1222,24
474,1706,36
182,674,17
237,895,22
164,604,12
162,607,10
175,664,11
163,625,11
179,614,11
181,667,11
183,630,13
188,635,14
180,629,10
174,625,12
180,662,13
179,633,13
180,647,11
329,1230,23
147,606,11
189,632,14
176,644,13
172,628,13
169,611,14
185,617,13
178,615,12
163,602,12
176,619,13
169,612,15
171,626,13
171,656,15
160,631,15
168,611,11
179,603,12
169,631,12
152,630,17
163,606,11
182,627,11
164,637,11
178,636,10
182,655,12
182,645,12
168,612,11
176,645,13
160,608,9
172,645,11
160,615,10
164,605,10
182,640,11
157,634,11
163,650,12
166,651,12
172,650,13
168,623,13
181,659,12
171,601,15
190,639,13
184,636,13
189,648,13
182,647,12
178,659,12
182,647,13
153,602,11
144,603,13
141,624,15
401,1682,37
172,654,13
180,641,11
176,618,11
160,624,11
167,604,13
165,624,10
194,763,14
225,876,18
167,621,16
167,711,18
164,632,14
164,625,13
163,630,14
176,644,15
168,613,13
160,617,12
176,621,13
173,639,14
164,640,13
173,635,14
179,644,15
180,617,13
239,851,18
248,932,14
196,744,20
354,1247,23
196,851,24
176,658,15
166,615,13
172,604,15
168,626,12
171,624,12
170,625,14
206,765,13
165,621,14
157,609,13
167,626,14
182,652,14
176,647,14
163,619,14
259,1019,21
167,605,17
164,616,13
169,652,14
169,633,14
165,620,14
241,1087,21
167,609,13
172,629,14
172,614,13
172,646,14
173,628,13
178,613,13
165,639,14
163,626,15
432,1555,29
366,1474,30
148,612,16
172,638,13
156,607,13
164,621,13
157,624,12
179,659,13
158,602,10
153,644,10
178,624,13
158,632,11
160,609,12
177,656,11
179,609,13
168,647,12
180,658,11
167,648,11
151,619,13
158,632,11
165,610,11
238,1056,19
177,668,11
168,654,10
164,656,10
158,620,9
159,617,10
161,629,11
158,604,13
182,656,12
177,656,11
154,620,10
168,605,11
346,1315,20
190,889,18
219,753,22
443,1653,40
251,962,22
163,608,13
173,647,15
169,624,13
167,609,12
166,602,12
161,622,11
234,878,19
433,1589,38
159,625,15
163,651,14
165,617,13
170,626,14
185,656,14
177,619,14
166,629,14
169,622,15
169,611,13
180,643,15
169,637,14
158,612,14
418,1510,35
370,1355,32
211,860,19
400,1493,33
163,643,15
167,615,16
170,634,15
210,731,17
165,612,13
168,611,13
181,621,15
164,612,15
173,625,14
183,642,14
178,625,15
166,659,16
165,634,14
262,941,22
163,613,15
162,620,13
170,629,15
188,639,15
180,650,14
469,1685,38
315,1060,25
242,947,23
274,1009,21
299,1057,24
178,728,16
234,931,22
505,1796,44
400,1472,32
223,874,20
256,957,25
251,965,21
155,626,15
180,795,18
267,959,25
229,843,18
171,750,19
256,821,21
437,1655,38
137,646,16
179,612,14
177,644,14
312,1106,29
211,807,18
145,647,15
170,611,12
184,639,14
171,622,14
172,607,15
164,624,13
171,609,16
175,602,14
187,649,15
206,752,18
168,620,15
169,640,15
174,611,16
201,772,17
341,1326,31
162,618,14
436,1614,36
155,669,17
174,619,14
175,624,16
174,602,15
334,1187,25
180,630,18
177,673,16
299,1013,25
145,611,14
143,606,14
296,1039,25
173,722,17
501,1768,42
285,994,23
144,603,15
157,611,14
200,631,15
175,609,16
176,649,13
170,615,14
191,638,16
180,616,14
318,1182,24
145,633,15
169,648,14
176,623,15
150,603,14
158,604,13
178,610,16
182,637,15
165,607,17
161,624,16
171,623,15
179,647,14
171,641,16
338,1212,25
148,601,13
170,644,14
175,626,14
320,1169,26
220,837,18
172,643,15
181,606,15
189,651,15
188,641,15
198,647,16
192,643,14
187,614,13
258,975,20
175,621,14
161,629,12
158,602,12
184,647,12
186,657,15
183,630,17
187,632,16
178,607,16
177,622,16
187,624,16
164,638,14
159,649,15
159,617,14
160,619,12
186,646,16
160,633,15
183,664,14
166,614,13
175,622,15
176,622,14
314,1048,23
185,663,17
165,633,17
426,1555,34
184,749,19
160,620,16
171,629,15
172,612,14
179,641,14
173,603,12
156,602,12
172,617,17
168,650,16
169,608,16
158,634,14
180,657,15
163,623,14
180,633,16
173,632,16
175,639,13
157,611,14
172,606,14
166,619,16
190,701,18
329,1268,29
155,606,16
379,1370,32
135,660,12
175,636,17
176,635,14
165,605,13
451,1594,39
166,648,16
170,621,16
159,609,13
190,647,14
424,1592,34
163,611,15
156,621,14
187,644,16
166,618,16
175,614,14
159,628,13
170,633,15
167,620,14
185,660,14
156,626,17
166,625,13
160,657,13
171,654,14
168,623,11
194,752,16
446,1649,37
141,605,12
179,654,16
169,635,10
176,612,12
170,638,13
159,602,12
208,792,18
153,619,14
158,612,14
168,606,13
179,618,14
277,1004,21
129,643,14
293,960,30
443,1515,32
144,627,16
165,659,13
192,618,14
189,602,15
172,643,11
195,616,13
172,649,15
183,641,16
182,633,14
185,618,15
166,602,14
178,640,14
155,602,13
375,1399,28
147,610,13
162,607,13
172,637,14
182,627,15
186,613,14
159,617,12
175,644,14
171,615,15
426,1580,36
486,1758,31
237,854,15
440,1618,39
174,716,18
190,701,12
168,623,11
161,609,10
183,652,12
173,622,10
199,648,14
183,625,11
180,614,12
169,645,15
169,642,15
162,624,14
155,602,11
165,646,12
163,614,10
159,603,11
174,623,11
182,643,12
170,638,10
177,622,12
178,640,13
180,657,12
197,664,13
170,611,12
173,638,11
190,640,11
177,607,12
172,618,11
190,646,13
443,1655,28
137,602,12
157,603,11
165,637,11
164,616,12
159,607,10
167,656,12
157,625,12
176,626,14
169,628,14
186,637,15
182,650,14
176,621,15
176,615,17
159,628,14
195,639,14
181,625,12
178,618,14
159,603,10
300,1124,18
152,603,11
173,625,15
163,610,14
168,613,14
175,650,16
176,610,12
178,656,11
172,645,11
156,622,11
172,657,12
177,655,12
154,637,10
164,659,11
396,1390,33
167,633,13
181,644,17
180,627,15
168,614,15
369,1416,24
166,624,13
155,610,13
166,624,14
164,630,13
215,810,20
175,623,14
159,603,13
157,619,13
169,636,15
162,614,14
178,629,14
171,621,12
189,704,13
419,1610,29
295,1136,27
158,774,16
158,618,13
174,627,16
150,627,13
165,634,14
161,603,10
162,609,12
162,621,11
164,604,15
167,624,14
180,621,12
177,624,12
173,618,12
500,1727,37
307,1129,21
169,649,12
183,628,11
178,651,11
176,623,12
161,625,12
168,634,15
154,620,13
175,634,13
181,638,14
168,619,13
194,658,14
177,613,12
170,601,13
171,605,13
170,644,14
179,635,13
517,1752,38
152,601,13
204,651,12
172,606,12
189,652,11
168,601,9
156,619,14
166,601,13
165,604,14
165,630,14
170,616,14
168,641,13
166,625,13
155,604,14
173,620,14
490,1657,38
158,626,11
154,614,14
181,636,12
168,627,12
167,640,14
162,626,13
179,642,14
167,621,15
171,644,15
154,611,13
169,602,14
183,626,15
182,650,13
167,603,14
182,607,14
185,652,15
152,636,11
155,601,9
161,609,11
279,1060,19
173,653,14
183,663,10
178,647,12
190,650,12
164,651,12
188,637,15
161,611,13
159,621,14
158,609,13
241,871,22
162,607,14
153,631,13
157,646,11
166,615,14
167,610,14
184,652,14
165,615,10
173,666,10
159,615,10
159,606,11
171,625,15
176,642,14
153,624,12
165,609,13
168,654,12
157,606,11
179,651,11
171,661,11
206,899,17
152,613,16
178,633,15
180,644,15
187,666,15
173,642,15
170,640,15
178,612,15
194,662,15
170,632,15
173,639,15
168,608,15
174,660,15
181,648,15
177,652,15
177,649,15
179,665,15
182,652,15
185,674,15
188,659,15
175,635,15
183,626,15
194,662,15
160,627,15
171,647,15
178,642,15
174,626,15
171,654,15
174,647,15
316,1156,31
174,621,15
176,653,15
175,633,15
160,602,15
180,673,16
174,645,15
174,649,15
177,639,15
172,634,15
181,639,16
182,671,15
174,645,15
183,644,15
177,634,15
172,653,16
178,641,15
176,629,15
179,649,15
183,668,15
174,656,16
173,625,15
176,673,15
168,626,15
177,674,15
184,649,16
176,654,15
197,702,16
182,651,15
175,644,15
176,662,15
174,650,15
180,650,15
181,665,15
173,618,15
182,666,15
184,642,15
174,644,15
175,630,15
181,664,15
173,639,15
176,671,15
170,648,15
172,641,15
166,645,15
176,662,15
177,629,15
169,630,15
166,610,15
170,657,15
169,612,15
175,626,15
170,627,15
191,673,15
170,634,15
174,632,15
170,641,15
180,700,15
167,610,15
161,628,15
158,602,15
177,659,15
171,635,15
178,645,15
182,607,15
174,636,15
179,651,15
160,623,15
171,642,15
174,646,15
182,656,15
169,651,15
183,657,15
166,615,15
168,638,15
180,660,15
173,635,15
166,641,15
173,638,15
181,662,15
182,643,15
170,629,15
172,663,15
179,678,15
191,662,15
174,642,15
182,668,15
171,650,15
169,652,15
179,619,15
169,633,15
169,620,15
182,669,15
172,649,15
182,665,15
171,635,15
184,647,15
184,669,15
180,665,15
176,627,15
175,636,15
163,619,15
184,676,15
181,655,15
179,629,15
184,648,15
187,679,15
182,664,15
177,658,15
183,679,15
160,634,15
167,649,15
171,625,15
165,639,15
177,659,15
189,713,15
175,652,15
185,653,15
179,678,15
165,615,15
177,646,15
164,652,15
166,619,15
170,643,15
180,662,15
173,643,15
